rowid,mapURL
1,https://www.google.com/maps/search/?api=1&query=agataJapan&query_place_id=ChIJLa5tqs0odTERqDsie8VR9u0
2,https://www.google.com/maps/search/?api=1&query=TO%C3%80N%20UY%C3%8AN%20FOOD%20(%20Chuy%C3%AAn%20cung%20%E1%BB%A9ng%20th%E1%BB%B1c%20ph%E1%BA%A9m%20xi%C3%AAn%20que%2C%20%C4%91%C3%B4ng%20l%E1%BA%A1nh%2C%20h%E1%BA%A3i%20s%E1%BA%A3n)&query_place_id=ChIJPT497lUvdTERS-KzgLHMuvo
3,https://www.google.com/maps/search/?api=1&query=Ti%E1%BB%87m%20%C4%82n%20M%E1%BB%B9%20V%E1%BB%8B&query_place_id=ChIJG5kTNhUvdTER03ANMt2uWcE
4,https://www.google.com/maps/search/?api=1&query=Ph%C3%A1%20L%E1%BA%A5u%20Nga&query_place_id=ChIJrwLyLykvdTERG-zzth_3vy4
5,https://www.google.com/maps/search/?api=1&query=Qu%C3%A1n%20Ch%E1%BB%8B%20Ho%C3%A0%20-%20Gia%20Truy%E1%BB%81n%20H%C6%A1n%2060%20N%C4%83m&query_place_id=ChIJt180RBQvdTERDlFXTx3kDHo
6,https://www.google.com/maps/search/?api=1&query=B%C3%A1nh%20cu%E1%BB%91n%20n%C3%B3ng%20Anh%20%C4%90%C3%A0o&query_place_id=ChIJKyqlHL8vdTERQX07MSlKEXU
7,https://www.google.com/maps/search/?api=1&query=Kyo%20Dashi%20Qu%E1%BA%ADn%204&query_place_id=ChIJN1e8p8YvdTERNw273fAcCjc
8,https://www.google.com/maps/search/?api=1&query=VUA%20%E1%BA%BECH%20%7C%20L%E1%BA%A8U%20%E1%BA%BECH%20M%C4%82NG%20CAY%20QU%E1%BA%ACN%201&query_place_id=ChIJxxfnZQAvdTERbDOJ0RzuRKw
9,https://www.google.com/maps/search/?api=1&query=M%C3%AC%20kh%C3%B4%20x%C3%A1%20x%C3%ADu%20t%C3%B4m%20m%E1%BB%B1c%20A%20C%C6%B0%E1%BB%9Dng&query_place_id=ChIJY2dNbE8vdTERn-Gdw4Cpse4
10,https://www.google.com/maps/search/?api=1&query=C%C6%A1m%20G%C3%A0%20H%E1%BA%A3i%20Nam%20Yummy%20-%20C%C3%B4%20Giang&query_place_id=ChIJxwhHdJspdTERkb02FzXboiw
11,https://www.google.com/maps/search/?api=1&query=Qua%CC%81n%20197%20-%20Bia%20s%E1%BB%87t&query_place_id=ChIJ8ZftkRMvdTER9jK1iBKKDSA
12,https://www.google.com/maps/search/?api=1&query=Ch%C3%A1o%20Qu%E1%BA%A3ng%20Ch%C3%A2u&query_place_id=ChIJWXxW-vovdTERwY7Q-Wpni1E
13,https://www.google.com/maps/search/?api=1&query=C%C6%A1m%20B%C3%ACnh%20D%C3%A2n%20C%C3%B4%20V%C3%A2n&query_place_id=ChIJ6VqhQeUvdTERMNIfCqJOVL8
14,https://www.google.com/maps/search/?api=1&query=YUI%20-%20M%C3%AC%20cay%20%26%20Tr%C3%A0%20s%E1%BB%AFa&query_place_id=ChIJX6VEurIvdTERFkxr5Qn9Fj4
15,https://www.google.com/maps/search/?api=1&query=Qu%C3%A1n%20X%C3%B4i%20G%C3%A0%20-%20X%C3%A1%20X%C3%ADu%20qu%E1%BA%ADn%201&query_place_id=ChIJg4CFolMvdTERQtnHR2WTy6Q
16,https://www.google.com/maps/search/?api=1&query=Qu%C3%A1n%20C%C6%A1m%2042&query_place_id=ChIJP3ubtxUvdTERRlke2-1Cojw
17,https://www.google.com/maps/search/?api=1&query=L%C3%B2i%20H%E1%BB%A7%20K%C3%BD%E6%9D%A5%E5%A5%BD%E8%AE%B0&query_place_id=ChIJP_DErD4vdTERm388oSCklfM
18,https://www.google.com/maps/search/?api=1&query=VIVA%20FOODS&query_place_id=ChIJhwtpJgkndTERLtt2u1YjpvA
19,https://www.google.com/maps/search/?api=1&query=%C4%82n%20Ngon%20Catering%20Showroom&query_place_id=ChIJ71mgs2UvdTERzruiCkXQogM
20,https://www.google.com/maps/search/?api=1&query=Ichiban%20Market%20-%20Japanese%20Supermarket&query_place_id=ChIJyZUKKaApdTER_eLtbG_bZQE
21,https://www.google.com/maps/search/?api=1&query=Quince%20Saigon&query_place_id=ChIJh2FeSBUvdTERCRKLSex0DA0
22,https://www.google.com/maps/search/?api=1&query=Qu%E1%BA%A1t%2C%20H%C3%BAt%20b%E1%BB%A5i%2C%20M%C3%A1y%20%C4%91%C3%A1nh%20s%C3%A0n%20H%C3%B9ng%20Phong%20(HP)&query_place_id=ChIJ2ZRMaSEvdTERat7KcUzSkMc
23,https://www.google.com/maps/search/?api=1&query=C%C3%B4ng%20Ty%20TNHH%20%E1%BA%A8m%20Th%E1%BB%B1c%20D%26T&query_place_id=ChIJr1zWzU4vdTER_DSfjfw6540
24,https://www.google.com/maps/search/?api=1&query=C%C6%A1m%20C%C3%B4%20Chi&query_place_id=ChIJ05DH7xwvdTERyR_nWGqK5OQ
25,https://www.google.com/maps/search/?api=1&query=Nh%C3%A0%20H%C3%A0ng%20Nh%E1%BA%ADt%20Yosakoi&query_place_id=ChIJp2Pdd0gvdTERZC9j6-edr2E
26,https://www.google.com/maps/search/?api=1&query=Le%20Petit%20Ha%20Noi&query_place_id=ChIJ6RS9dwAvdTERf0k8ABIo1LI
27,https://www.google.com/maps/search/?api=1&query=Qua%CC%81n%20X%C6%B0a%202&query_place_id=ChIJ36hjoUgvdTER626n85j-cMw
28,https://www.google.com/maps/search/?api=1&query=Nh%C3%A0%20h%C3%A0ng%20Nh%E1%BA%ADt%20B%E1%BA%A3n%20Yuki&query_place_id=ChIJaTuP0CgvdTERvkJtD4QfziA
29,https://www.google.com/maps/search/?api=1&query=B%C3%9AN%20RI%C3%8AU%20MOI&query_place_id=ChIJE6b24aEvdTER-ou7F7TQm98
30,https://www.google.com/maps/search/?api=1&query=C%C6%A1m%207%20T%C3%A8o%20%2F%20Bu%E1%BB%95i%20t%E1%BB%91i%2010%3A30%20Ramen%20Noodle&query_place_id=ChIJp1RBtCEvdTER5TRTEPHeG_k
31,https://www.google.com/maps/search/?api=1&query=B%C3%A1nh%20%C6%B0%E1%BB%9Bt%20c%C3%B4%20Nga&query_place_id=ChIJrR1ZmFgvdTERy-R_wBXCerE
32,https://www.google.com/maps/search/?api=1&query=Kasai%20Japanese%20restaurant&query_place_id=ChIJ9cpT6kgvdTERlN0gZ_nEJs4
33,https://www.google.com/maps/search/?api=1&query=CH%C3%81O%20L%C3%92NG%20CH%E1%BB%8A%20L%E1%BB%A2I%2F%20CH%C3%81O%20L%C3%92NG%20QU%E1%BA%ACN%201&query_place_id=ChIJh1obWEcvdTERv8YpfbmD8Ok
34,https://www.google.com/maps/search/?api=1&query=Qu%C3%A1n%20%C4%82n%20Red%20Pot&query_place_id=ChIJ02qrd0gvdTERkHkguaXbxgE
35,https://www.google.com/maps/search/?api=1&query=C%C6%A1m%20t%E1%BA%A5m%20D%E1%BB%91c%20S%C6%B0%C6%A1ng%20M%C3%B9&query_place_id=ChIJn-ceLUYvdTERe5ulVtSfQNg
36,https://www.google.com/maps/search/?api=1&query=Nh%C3%A0%20h%C3%A0ng%20l%E1%BA%A9u%20g%C3%A0%20thi%C3%AAn%20nhi%C3%AAn%20Collagen&query_place_id=ChIJ1RsU_vwvdTERbbN6g4tebg0
37,https://www.google.com/maps/search/?api=1&query=%E5%8C%97%E6%B5%B7%E9%81%93%E5%B9%B8&query_place_id=ChIJfyjZa1cvdTERumSw8llTOek
38,https://www.google.com/maps/search/?api=1&query=B%C3%A1nh%20cu%E1%BB%91n%20Thanh%20Tr%C3%AC%20H%C3%A0%20N%E1%BB%99i&query_place_id=ChIJ4ShRGAAvdTER4q473G8uc6U
39,https://www.google.com/maps/search/?api=1&query=Nh%C3%A0%20h%C3%A0ng%20Nh%E1%BA%ADt%20Hotto&query_place_id=ChIJhZrCdkgvdTERIxViRz5psNE
40,https://www.google.com/maps/search/?api=1&query=B%C3%BAn%20Ch%E1%BA%A3%20Nem%20Cua%20Bi%E1%BB%83n&query_place_id=ChIJ-TrDw5cvdTERx_DrpDDHn78
41,https://www.google.com/maps/search/?api=1&query=Gyu-Kaku%20Japanese%20BBQ&query_place_id=ChIJPyVITdsvdTERLIaU-ICqtyI
42,https://www.google.com/maps/search/?api=1&query=%E3%81%93%E6%96%99%E7%90%86%E5%B1%8B%20%E5%87%9B&query_place_id=ChIJuyrDzUgvdTERF3_4YXWyiq0
43,https://www.google.com/maps/search/?api=1&query=Bugis%20Singapore%20Vincom&query_place_id=ChIJlweTd0gvdTERA3qybXi1z40
44,https://www.google.com/maps/search/?api=1&query=C%C6%A1m%20T%E1%BA%A5m%20Cali&query_place_id=ChIJh2T8zkcvdTERw6w1dvX-7Aw
45,https://www.google.com/maps/search/?api=1&query=KOHNAN&query_place_id=ChIJC5bRRjUvdTER_VrxRiH01Z8
46,https://www.google.com/maps/search/?api=1&query=CoCo%20Ichibanya%20Vietnam%20-%20L%C3%BD%20T%E1%BB%B1%20Tr%E1%BB%8Dng&query_place_id=ChIJVWIu_DQvdTERWkV1jpe5Jl8
47,https://www.google.com/maps/search/?api=1&query=Lobby%20Lounge&query_place_id=ChIJb45MOu0vdTER1pPIbOm7u4M
48,https://www.google.com/maps/search/?api=1&query=B%C3%A1nh%20tr%C3%A1ng%20tr%C3%A9%20tr%E1%BB%99n%20c%C3%B4%20D%C6%B0&query_place_id=ChIJ7VaFxdQvdTERVUkKVXiJnak
49,https://www.google.com/maps/search/?api=1&query=Nh%C3%A0%20H%C3%A0ng%20S%C3%B4ng%20H%C3%A0n&query_place_id=ChIJJWtxAUYvdTERn6UiKa3htMU
50,https://www.google.com/maps/search/?api=1&query=X%C3%B4i%20b%E1%BA%AFp%20B%C3%A0%20Gi%C3%A0%20(L%C3%AA%20Th%C3%A1nh%20T%C3%B4n)&query_place_id=ChIJoXerSjkvdTERz375z38l_w4
51,https://www.google.com/maps/search/?api=1&query=Izakaya%20kunoichi&query_place_id=ChIJ637iw0gvdTERbTuE9LVGh5Y
52,https://www.google.com/maps/search/?api=1&query=KANPAI%20Bistro%20-%20BlueDiamond%20F%26B&query_place_id=ChIJU6TzpSUvdTERSkPFEdbdlXo
53,https://www.google.com/maps/search/?api=1&query=Little%20Hong%20Kong&query_place_id=ChIJu1NCTD4vdTERmo8zI1HSJ68
54,https://www.google.com/maps/search/?api=1&query=Tokyo%20Shop%20(th%E1%BB%B1c%20ph%E1%BA%A9m%20Nh%E1%BA%ADt%20B%E1%BA%A3n)&query_place_id=ChIJs8-DLkkvdTER_buSdmfu0Zc
55,https://www.google.com/maps/search/?api=1&query=Golden%20Dynasty%20PEKING%20DUCK%20Vincom%20%C4%90%E1%BB%93ng%20Kh%E1%BB%9Fi&query_place_id=ChIJVU14jwcvdTER8zAExQCQ9zs
56,https://www.google.com/maps/search/?api=1&query=Vincom%20Center%20Dong%20Khoi&query_place_id=ChIJm5rCdkgvdTERQiGNZ2iXx9I
57,https://www.google.com/maps/search/?api=1&query=Thuc%20coffee&query_place_id=ChIJB9ihWl4vdTERNt03_b1L2s8
58,https://www.google.com/maps/search/?api=1&query=Chateraise%20Le%20Thanh%20Ton&query_place_id=ChIJq-_n2OgvdTERFFRxCyOmbgI
59,https://www.google.com/maps/search/?api=1&query=GS25%20Ph%E1%BA%A1m%20Ng%E1%BB%8Dc%20Th%E1%BA%A1ch&query_place_id=ChIJTTpmzhAvdTER059f66WQjRo
60,https://www.google.com/maps/search/?api=1&query=Di%E1%BB%85m%20S%C3%A0i%20G%C3%B2n&query_place_id=ChIJP2YWwXsvdTERURFsStPg8aA
61,https://www.google.com/maps/search/?api=1&query=Can%20Tin%2037&query_place_id=ChIJbZvUPQAvdTERIxbZBlXY-nU
62,https://www.google.com/maps/search/?api=1&query=House%20Of%20Merlin%20-%20Cocktail%20Bar%20%26%20Eatery&query_place_id=ChIJ9V88HjgvdTERCKoX_q5HOZ0
63,https://www.google.com/maps/search/?api=1&query=C%C6%A1m%20v%C4%83n%20ph%C3%B2ng%20Min&query_place_id=ChIJd2V4KQUvdTER5FqIEe-q3wI
64,https://www.google.com/maps/search/?api=1&query=Nh%C3%A0%20h%C3%A0ng%20Nh%E1%BA%ADt%20gi%C3%A1%20r%E1%BA%BB%20Kinaru&query_place_id=ChIJHxSo5iQvdTERblmuAHfCKGs
65,https://www.google.com/maps/search/?api=1&query=Nh%C3%A0%20h%C3%A0ng%20Ch%E1%BA%A3%20c%C3%A1%2036&query_place_id=ChIJQfy1y0AvdTERHgauJe9ICZk
66,https://www.google.com/maps/search/?api=1&query=H%E1%BB%98I%20QU%C3%81N%20OPERA%20HOUSE&query_place_id=ChIJ756-W8kvdTERKelWvBGrTkg
67,https://www.google.com/maps/search/?api=1&query=Mutsumian%20Omakase%20%26%20Sukiyaki&query_place_id=ChIJublgJ1kvdTERDzKLzfSz6dk
68,https://www.google.com/maps/search/?api=1&query=Aromas%20Cafe%20Vincom%20Center&query_place_id=ChIJdyFQdkgvdTERIgKVB0-vud0
69,https://www.google.com/maps/search/?api=1&query=Singapore%20Frog%20Leg%20Resturant&query_place_id=ChIJLRCyaEYvdTERcYeKXRD5DrE
70,https://www.google.com/maps/search/?api=1&query=Jasmine%20Chilli%20Thai%20Cuisine&query_place_id=ChIJ3S4w0YsvdTER3w-9kgyhp9o
71,https://www.google.com/maps/search/?api=1&query=PH%E1%BB%9E%2018%20-%20HAI%20B%C3%80%20TR%C6%AFNG&query_place_id=ChIJW6BRanMvdTERguuWE0QtGMM
72,https://www.google.com/maps/search/?api=1&query=M%C3%A8o%20H%E1%BA%A1t%20D%E1%BA%BB%20-%201A%20C%C3%B4ng%20Tr%C6%B0%E1%BB%9Dng%20M%C3%AA%20Linh%2C%20Q1&query_place_id=ChIJaw3rqIMvdTERpvK76KuyR9U
73,https://www.google.com/maps/search/?api=1&query=Com%20Pho&query_place_id=ChIJ99rpcQAvdTERF11YIR-bqyk
74,https://www.google.com/maps/search/?api=1&query=Nh%C3%A0%20H%C3%A0ng%20H%C6%B0%C6%A1ng%20X%C6%B0a&query_place_id=ChIJrzm64UcvdTERHjTm8kdQcKk
75,https://www.google.com/maps/search/?api=1&query=Nh%C3%A0%20h%C3%A0ng%20Isyo%20isyo&query_place_id=ChIJaRhQ0PApdTERsIquY7rDbs8
76,https://www.google.com/maps/search/?api=1&query=WashokuBuilding%20-%20JapanBrE&query_place_id=ChIJGUA0ftUvdTERhknfvkp1cww
77,https://www.google.com/maps/search/?api=1&query=TOHOKU%20Robata%20Rokken&query_place_id=ChIJEZ7LQjsvdTERsj7irBFZwl4
78,https://www.google.com/maps/search/?api=1&query=RETRO%20KITCHEN%20-%20%C4%82N%20S%C3%81NG%20V%C3%80%20C%C6%A0M%20TR%C6%AFA%20V%C4%82N%20PH%C3%92NG&query_place_id=ChIJHd1UDgAvdTERyeIzNHjzQuE
79,https://www.google.com/maps/search/?api=1&query=1976%20Northern%20Deli&query_place_id=ChIJJQ5a6wQmdTERkMh0TtzzqYI
80,https://www.google.com/maps/search/?api=1&query=B%E1%BA%BEP%20NH%C3%80%20KIYO&query_place_id=ChIJb5I2GtUvdTERlaJuDEe8sG8
81,https://www.google.com/maps/search/?api=1&query=%E6%A5%AD%E5%8B%99%E3%82%B9%E3%83%BC%E3%83%91%E3%83%BC%20Gyomu&query_place_id=ChIJGTTXgmQvdTERfBDkjK6A5OE
82,https://www.google.com/maps/search/?api=1&query=C%C6%A1m%20Th%E1%BB%91%20Ch%C3%A1y%20Vincom%20Center%20B&query_place_id=ChIJlweTd0gvdTERocKY-BNZWNU
83,https://www.google.com/maps/search/?api=1&query=Diamond%20Department%20Store&query_place_id=ChIJo7o0yTcvdTER0Ck3St-Whx4
84,https://www.google.com/maps/search/?api=1&query=Kane%20Kitchen&query_place_id=ChIJiRVFaWkvdTERV9BLkxuo3Uc
85,https://www.google.com/maps/search/?api=1&query=AKURUHI%20SURPERMARKET&query_place_id=ChIJMwmezE4vdTERjZKbwSS4sN0
86,https://www.google.com/maps/search/?api=1&query=The%20Warehouse%20-%20Wine%20Merchants&query_place_id=ChIJS0CYPqkvdTERCu7TvU21FDU
87,https://www.google.com/maps/search/?api=1&query=Akuruhi%20Supermarket&query_place_id=ChIJK0dc30gvdTERBPQBULV-6Hk
88,https://www.google.com/maps/search/?api=1&query=Si%C3%AAu%20Th%E1%BB%8B%20M%E1%BA%B9%20B%E1%BA%A7u%20%26%20Em%20B%C3%A9%20Con%20C%C6%B0ng&query_place_id=ChIJ866p7dsvdTERgx9jJN-nStE
89,https://www.google.com/maps/search/?api=1&query=Snack%20Kingdom%20Vincom%20Center%20%C4%90%E1%BB%93ng%20Kh%E1%BB%9Fi&query_place_id=ChIJd8pyYwAvdTERvHlN8s7rEG8
90,https://www.google.com/maps/search/?api=1&query=Co.op%20Food&query_place_id=ChIJrxw-GjgvdTERz8W3xeRmxVE
91,https://www.google.com/maps/search/?api=1&query=Circle%20K%20Ly%20Tu%20Trong&query_place_id=ChIJCWoycEgvdTERuOfOQcX4jWc
92,https://www.google.com/maps/search/?api=1&query=7-Eleven%20-%2040%20M%E1%BA%A1c%20Th%E1%BB%8B%20B%C6%B0%E1%BB%9Fi%20-%20Qu%E1%BA%ADn%201&query_place_id=ChIJVVzOfwAvdTER44BP015gugU
93,https://www.google.com/maps/search/?api=1&query=K-Market%20DIAMOND%20PLAZA&query_place_id=ChIJDdLzyjcvdTERrmQe8S0hiLg
94,https://www.google.com/maps/search/?api=1&query=Farmers%20Market%20-%20Hai%20B%C3%A0%20Tr%C6%B0ng&query_place_id=ChIJ1R9A1EsvdTERUqmU1VPlSvg
95,https://www.google.com/maps/search/?api=1&query=AEON%20Citimart%20Somerset&query_place_id=ChIJywVD9zUvdTERnb909PpoycA
96,https://www.google.com/maps/search/?api=1&query=Winmart&query_place_id=ChIJlweTd0gvdTER-a6X0aJugys
97,https://www.google.com/maps/search/?api=1&query=B%C3%A1nh%20M%C3%AC%20Ba%20L%E1%BA%AFc&query_place_id=ChIJ8ZEv4SIvdTERUQxseD3m09w
98,https://www.google.com/maps/search/?api=1&query=Qu%C3%A1n%20Chi%20-%20B%C3%A1nh%20canh%20c%C3%A1%20l%C3%B3c&query_place_id=ChIJU5qQCQAvdTERdZzTEFqAQ7k
99,https://www.google.com/maps/search/?api=1&query=%E3%82%AB%E3%83%A9%E3%82%AA%E3%82%B1%20%26%20%E3%82%AB%E3%82%A6%E3%83%B3%E3%82%BF%20%E3%82%A2%E3%82%AA%E3%82%B6%E3%82%A4&query_place_id=ChIJH9S7k0gvdTERdm4LB0BA_vk
100,https://www.google.com/maps/search/?api=1&query=Nh%C3%A0%20H%C3%A0ng%20Hoa%20Mai&query_place_id=ChIJ71QJoUcvdTERvv0XhN2_tnc
101,https://www.google.com/maps/search/?api=1&query=Qu%C3%A1n%20HQ&query_place_id=ChIJ3xlWaiYvdTERwS9LzDWslmY
102,https://www.google.com/maps/search/?api=1&query=B%E1%BA%BFp%20nh%C3%A0%20(C%C6%A1m%20VP%20-%20l%E1%BA%A9u%20-%20m%C3%AC)&query_place_id=ChIJkyVPkDsvdTERfQ675-f06OU
103,https://www.google.com/maps/search/?api=1&query=Annam%20Gourmet&query_place_id=ChIJgz6RckYvdTERT6izth8Wf3E
104,https://www.google.com/maps/search/?api=1&query=H%C6%B0%C6%A1ng%20Qu%C3%A1n&query_place_id=ChIJw_GgQgAvdTERXJGKFKDPIwQ
105,https://www.google.com/maps/search/?api=1&query=Ben%20Nghe%20Street%20Food&query_place_id=ChIJSy3R1jgvdTERE51Ytwqzbpo
106,https://www.google.com/maps/search/?api=1&query=N%26D%20Restaurant%20Trading%20Co.%2C%20Ltd&query_place_id=ChIJtw-6NjgvdTERAWcHy27mi2w
107,https://www.google.com/maps/search/?api=1&query=Cty%20Thu%E1%BA%ADn%20Ph%C6%B0%C6%A1ng%20Ph%C3%A1t&query_place_id=ChIJ32CsgmkvdTERaJTqAbd_UXI
108,https://www.google.com/maps/search/?api=1&query=Qui%20Cuisine%20Mixology&query_place_id=ChIJM-xlyk4vdTERmdhfvUHRguU
109,https://www.google.com/maps/search/?api=1&query=FamilyMart&query_place_id=ChIJkQohiRMvdTER3LqxopXoia8
110,https://www.google.com/maps/search/?api=1&query=COMQUYNHMAI&query_place_id=ChIJzT1BSucvdTERa5cmJWYnvaY
111,https://www.google.com/maps/search/?api=1&query=Co.opmart%20Smile%20-%20De%20Tham&query_place_id=ChIJQTBedAwvdTERIVvh1I7ZLoE
112,https://www.google.com/maps/search/?api=1&query=Izakaya%20Ken&query_place_id=ChIJR3L98cYvdTER4J20KduLVzQ
113,https://www.google.com/maps/search/?api=1&query=Central%20Parc%20Banh%20Mi%20%26%20Sandwiches&query_place_id=ChIJg7bo2nUvdTER5CuQQ5eJQIE
114,https://www.google.com/maps/search/?api=1&query=Hoa%20T%C3%BAc%20Saigon&query_place_id=ChIJY36QJ0YvdTERSsKGBuhpiCI
115,https://www.google.com/maps/search/?api=1&query=Saturday%20Kitchen%20SaiGon&query_place_id=ChIJFcfsC2AvdTERfJi2MIqY-Xg
116,https://www.google.com/maps/search/?api=1&query=5E%20Nguy%E1%BB%85n%20Si%C3%AAu&query_place_id=ChIJGW2wYm0vdTER7gU8zbNHoVw
117,https://www.google.com/maps/search/?api=1&query=COS%20CAF%C3%89&query_place_id=ChIJ9V7A7xIvdTERPTfqvTpVhDY
118,https://www.google.com/maps/search/?api=1&query=C%C3%B4%20Ba%20X%E1%BB%A9%20Qu%E1%BA%A3ng&query_place_id=ChIJA6XWEEYvdTERlHjEH5tcxTM
119,https://www.google.com/maps/search/?api=1&query=Stoker%20Woodfired%20Grill%20%26%20Bar&query_place_id=ChIJkf7CY0YvdTER6Dr64Ni3r5k
120,https://www.google.com/maps/search/?api=1&query=Foodcourt%20Vincom%20%C4%90%E1%BB%93ng%20kh%E1%BB%9Fi%2C%20B3%20floor&query_place_id=ChIJoUO-Xa4vdTERWiW35tNzdpc
121,https://www.google.com/maps/search/?api=1&query=Bo%20Ne%20300&query_place_id=ChIJoY0aRwAvdTER4I8MAE5kYRk
122,https://www.google.com/maps/search/?api=1&query=Hau%20N%C6%B0%E1%BB%9Bng%20Ng%C5%A9%20V%E1%BB%8B&query_place_id=ChIJ3aI1c94tdTERu6N5XJWZGaE
123,https://www.google.com/maps/search/?api=1&query=Cork%20and%20Bottle%20-%20S%C3%A0i%20G%C3%B2n&query_place_id=ChIJY-lGQEkvdTERV9cwz_Xb4W8
124,https://www.google.com/maps/search/?api=1&query=4%20Chu%20M%E1%BA%A1nh%20Trinh%20Qu%E1%BA%ADn%201%20TP.%20HCM&query_place_id=ChIJZWIIKz8vdTERxgIpg63zrnA
125,https://www.google.com/maps/search/?api=1&query=Ph%C6%B0%C6%A1ng%20H%C3%A0%20Shop&query_place_id=ChIJ6XYXFkEvdTERXRCVKP72hdo
126,https://www.google.com/maps/search/?api=1&query=Food%20Trucks%20at%20Nexus%20Square&query_place_id=ChIJ585ItO0vdTERx3XbO3QjJXc
127,https://www.google.com/maps/search/?api=1&query=H%C3%A4agen-Dazs&query_place_id=ChIJc-XqJUkvdTERE15_6wHOGx4
128,https://www.google.com/maps/search/?api=1&query=UR%20Mart&query_place_id=ChIJ87vssmUvdTERTqaxYuujemE
129,https://www.google.com/maps/search/?api=1&query=7-Eleven%20-%20The%20Tresor%2C%20T%C3%B2a%20TS1%20-%20Qu%E1%BA%ADn%204&query_place_id=ChIJ192FtRMvdTERyY0jeYPoytM
130,https://www.google.com/maps/search/?api=1&query=MEKONG%20GOURMET%20MARKET&query_place_id=ChIJ7ff6-7UvdTERJBYUs-x5okw
131,https://www.google.com/maps/search/?api=1&query=Si%C3%AAu%20th%E1%BB%8B%20B%C3%A1ch%20ho%C3%A1%20XANH&query_place_id=ChIJX8ZKEpAvdTERTgOVd960gCY
132,https://www.google.com/maps/search/?api=1&query=Nh%C3%A0%20h%C3%A0ng%20Bia%20t%C6%B0%C6%A1i%20140A&query_place_id=ChIJu6xEQ4EvdTERH4D2ap760f8
133,https://www.google.com/maps/search/?api=1&query=tacos%20t%C3%BD%20t%E1%BA%B9o&query_place_id=ChIJHQGzgXgvdTERqCNcJAsfJEk
134,https://www.google.com/maps/search/?api=1&query=NG%E1%BB%8CC%20PH%C3%81T%20COFFEE&query_place_id=ChIJM-xu1u4vdTERQ0KUrre-fhY
135,https://www.google.com/maps/search/?api=1&query=C%C3%B4ng%20Ty%20Tnhh%20Nh%C3%A0%20H%C3%A0ng%20L%C3%A0ng%20Vi%E1%BB%87t&query_place_id=ChIJPVNDXzUvdTERo2FUmtmHfKQ
136,https://www.google.com/maps/search/?api=1&query=Satrafoods%20%C4%90inh%20Ti%C3%AAn%20Ho%C3%A0ng&query_place_id=ChIJ-U3yGssodTERX2qF1HVlFN8
137,https://www.google.com/maps/search/?api=1&query=Every%20Half%20Coffee%20Roasters%20-%20Thi%20S%C3%A1ch&query_place_id=ChIJr09jf4cvdTERYHknx6GgAOk
138,https://www.google.com/maps/search/?api=1&query=B%C3%BAn%20B%C3%B2%20N%E1%BB%A9c%20N%E1%BB%9F&query_place_id=ChIJB3u9EAAvdTERKh2lw5I7AIU
139,https://www.google.com/maps/search/?api=1&query=Sweet%20Coffee%20House&query_place_id=ChIJEzbYV0kvdTERvcl6AAGPeI4
140,https://www.google.com/maps/search/?api=1&query=Canh%20b%C3%BAn%20M%E1%BA%A1c%20%C4%90%C4%A9nh%20Chi&query_place_id=ChIJt3rbJwAvdTERkYIXY97lL28
141,https://www.google.com/maps/search/?api=1&query=YAKITORI%20KUWA&query_place_id=ChIJoy5GaAAvdTERW8BWtRUm73w
142,https://www.google.com/maps/search/?api=1&query=Ozawa%20Maria%20bar&query_place_id=ChIJE52JtkgvdTERuYSwOr2TbgE
143,https://www.google.com/maps/search/?api=1&query=Nh%C3%A0%20H%C3%A0ng%20%E1%BA%A8m%20th%E1%BB%B1c%20Vi%E1%BB%87t&query_place_id=ChIJrdkDJ8sodTERLfXMS7xD-cY
144,https://www.google.com/maps/search/?api=1&query=B%C3%BAn%20ri%C3%AAu%20canh%20b%C3%BAn%20C%C3%B4%20H%E1%BA%A3o&query_place_id=ChIJPSC0GAAvdTERGc481YOvyys
145,https://www.google.com/maps/search/?api=1&query=B%C3%A1nh%20Tr%C3%A1ng%20Ho%C3%A0ng%20B%C3%A8o%20Qu%E1%BA%ADn%201&query_place_id=ChIJcwIWbOYvdTERQO0pYvWVBDQ
146,https://www.google.com/maps/search/?api=1&query=1B%20Garden%20Seafood%20Restauran&query_place_id=ChIJWRmeFWgvdTERxAb1yJblZLM
147,https://www.google.com/maps/search/?api=1&query=Dntn%20Nh%C3%A0%20H%C3%A0ng%20H%E1%BA%A3i%20Ng%C6%B0%20-%20Nh%C3%A0%20H%C3%A0ng%20Totoya&query_place_id=ChIJ2-b1LkkvdTER0V31zm_LbKw
148,https://www.google.com/maps/search/?api=1&query=Mario%20Cafe&query_place_id=ChIJ4ToeECwvdTERpvcc9Np2nSo
149,https://www.google.com/maps/search/?api=1&query=C%E1%BB%A5c%20%C4%90%E1%BA%A5t%20Coffee%20%26%20Lounge&query_place_id=ChIJbzhqTC0vdTERippJFb1AE7Q
150,https://www.google.com/maps/search/?api=1&query=NGON%20NHAT%20HA%20NOI&query_place_id=ChIJxYy5RkkvdTERaBY7j9C2SK4
151,https://www.google.com/maps/search/?api=1&query=Every%20Half%20Coffee%20Roasters%20-%20Ng%C3%B4%20V%C4%83n%20N%C4%83m&query_place_id=ChIJiYCxJawvdTERPJqmvJoS250
152,https://www.google.com/maps/search/?api=1&query=Qu%C3%A1n%20C%C6%A1m%20-%20C%C3%A0%20Ph%C3%AA%20Th%E1%BA%A3o%20My&query_place_id=ChIJVVDRz0svdTERRCLExX7uSaI
153,https://www.google.com/maps/search/?api=1&query=Tr%C3%A9%20Tr%E1%BB%99n%20C%C3%B4%20Ri&query_place_id=ChIJBbM_nnEvdTERT5FGCI5jb0U
154,https://www.google.com/maps/search/?api=1&query=Qu%C3%A1n%20Sinh%20T%E1%BB%91%20C%C3%A0%20Ph%C3%AA%20Bonna&query_place_id=ChIJl_jTgUovdTERP4gaOZyNRQw
155,https://www.google.com/maps/search/?api=1&query=C%C3%A0%20ph%C3%AA%20s%E1%BB%AFa%20t%C6%B0%C6%A1i%20s%C6%B0%C6%A1ng%20s%C3%A1o&query_place_id=ChIJici_y6svdTERBmZfsj6TrGo
156,https://www.google.com/maps/search/?api=1&query=Rika's%20Bar%20%26%20Coffee%20House&query_place_id=ChIJi7GezEgvdTER9UkOxcnC-F8
157,https://www.google.com/maps/search/?api=1&query=C%C6%A1m%20chi%C3%AAn%20mi%CC%80%20xa%CC%80o&query_place_id=ChIJLd--URwvdTERRih_e_JP_M8
158,https://www.google.com/maps/search/?api=1&query=Cafe%20B%E1%BB%87t%20%C4%90%C3%B4ng%20Du&query_place_id=ChIJq6qaZkYvdTERWl9aK-ROPNs
159,https://www.google.com/maps/search/?api=1&query=Thu%E1%BB%B3%20Ch%C3%A2u%20-%20Qu%C3%A1n%20c%C6%A1m%20v%C4%83n%20ph%C3%B2ng&query_place_id=ChIJJdt4kWQvdTER6I7XiGUeEMM
160,https://www.google.com/maps/search/?api=1&query=Ch%C3%A8%20Hoa%20-%20Tr%E1%BA%A7n%20Cao%20V%C3%A2n&query_place_id=ChIJi3QOp7svdTERHjiz3QJh3RE
161,https://www.google.com/maps/search/?api=1&query=Tacos%20%26%20Smoothie%20by%20B%E1%BA%BFp%20Inspire&query_place_id=ChIJMTQu5aUvdTERWgjlCoVhx0Q
162,https://www.google.com/maps/search/?api=1&query=STAY%20Coffee%20and%20Tea&query_place_id=ChIJ7x7S328pdTERITBas-0uGP0
163,https://www.google.com/maps/search/?api=1&query=H%E1%BB%A7%20ti%E1%BA%BFu%20Nam%20Vang%20-%20B%C3%B2%20Kho&query_place_id=ChIJZRCBcvAvdTERM_wuL3qMCY8
164,https://www.google.com/maps/search/?api=1&query=M%C3%AC%20Qu%E1%BA%A3ng%20C%C3%B4%20S%C3%A1u%20%7C%20M%C3%AC%20Qu%E1%BA%A3ng%20Ngon%20Qu%E1%BA%ADn%201&query_place_id=ChIJb2nCIwApdTERee_k-_l-MTo
165,https://www.google.com/maps/search/?api=1&query=S%C3%B2%20%C4%91i%E1%BB%87p%20Nh%E1%BA%ADt%20n%C6%B0%E1%BB%9Bng%20-%20Quin%20Food%20Qu%E1%BA%ADn%201&query_place_id=ChIJmUrdvrQvdTER-EUjgKHle20
166,https://www.google.com/maps/search/?api=1&query=Qu%C3%A1n%20%C4%82n%20Ch%E1%BB%8B%20Em%20-%20C%C6%A1m%20%26%20B%C3%BAn%2C%20H%E1%BB%A7%20Ti%E1%BA%BFu&query_place_id=ChIJnS3Xnl8vdTERRbQoHeQHRzg
167,https://www.google.com/maps/search/?api=1&query=B%C3%A1nh%20m%C3%AC%20chay%20Saigon&query_place_id=ChIJT8iHvXYvdTERww237FGLrWI
168,https://www.google.com/maps/search/?api=1&query=Bia%20%C4%90%E1%BB%A9c%20Eibauer%20-%2045%20%C4%90inh%20Ti%C3%AAn%20Ho%C3%A0ng&query_place_id=ChIJbemgLvQvdTERECS59_-uG-Q
169,https://www.google.com/maps/search/?api=1&query=Qu%C3%A1n%20c%C6%A1m%20b%C3%ACnh%20d%C3%A2n%2015B&query_place_id=ChIJmdV8JQApdTERDFfMrKIOmR8
170,https://www.google.com/maps/search/?api=1&query=Qu%C3%A1n%20%C4%83n%20%C4%90%E1%BB%93n%20%C4%90%E1%BA%A5t&query_place_id=ChIJJWkT_9svdTERKv13dPe4Vf4
171,https://www.google.com/maps/search/?api=1&query=B%E1%BB%9Dm%20B%C3%A1nh%20M%C3%AC%20%26%20Tr%C3%A0%20Ta&query_place_id=ChIJz4ejOusvdTERwTcCvvBkxhg
172,https://www.google.com/maps/search/?api=1&query=H%E1%BB%A7%20ti%E1%BA%BFu%20c%C3%B4%20ch%C3%BA%20T%C3%A2m%20Y%C3%AAn%20SV%C4%90%20Hoa%20L%C6%B0&query_place_id=ChIJo7XDOAAvdTERIhrE7zoSRUA
173,https://www.google.com/maps/search/?api=1&query=Ph%E1%BB%9F%20Gia%20B%E1%BA%A3o&query_place_id=ChIJjZ7gU2MvdTERpzZdqgS9pKU
174,https://www.google.com/maps/search/?api=1&query=HYKING%20Cafe%20And%20Food%20-%20Nguy%E1%BB%85n%20Th%E1%BB%8B%20Minh%20Khai&query_place_id=ChIJ74SshjQvdTER8j4LfGb521M
175,https://www.google.com/maps/search/?api=1&query=Qu%C3%A1n%20b%C3%A0%20ngo%E1%BA%A1i%20-%20Neighborhood%20Best%20Noodle%20Shop&query_place_id=ChIJrXHDGxQpdTERsMBJv8Sm_Yc
176,https://www.google.com/maps/search/?api=1&query=Quan%20Nem%20Restaurant&query_place_id=ChIJUwptZkovdTERb8uK4hxQ2jY
177,https://www.google.com/maps/search/?api=1&query=B%C3%B2%20B%C3%ADa%20c%C3%B4%20L%C3%BD&query_place_id=ChIJa_c74coodTERheudJbWdHTQ
178,https://www.google.com/maps/search/?api=1&query=Qu%C3%A1n%20nh%E1%BA%ADu%20t%C6%B0%20R%C3%B2m&query_place_id=ChIJp5yQqz0vdTERpcQzvFOrYqo
179,https://www.google.com/maps/search/?api=1&query=Nh%C3%A0%20H%C3%A0ng%20C%E1%BB%91%20%C4%90%C3%B4&query_place_id=ChIJ54j4E08vdTERgTJWCzc395I
180,https://www.google.com/maps/search/?api=1&query=Qu%C3%A1n%20Th%C3%A0nh%20K%C3%BD&query_place_id=ChIJw_GG3MoodTERlcPoTDmpMFs
181,https://www.google.com/maps/search/?api=1&query=Ch%C3%BA%20Hospitality&query_place_id=ChIJ32mgFkYvdTERq5p8JfYrUCs
182,https://www.google.com/maps/search/?api=1&query=Nh%C3%A0%20H%C3%A0ng%20%C4%90%C3%B4ng%20Ph%C6%B0%C6%A1ng&query_place_id=ChIJsQzjxDUvdTERApbunzjDqc4
183,https://www.google.com/maps/search/?api=1&query=NB%20-%20B%C3%A1nh%20g%E1%BA%A1o%20topokki%20%26%20Khoai%20t%C3%A2y%20l%E1%BB%91c%20xo%C3%A1y&query_place_id=ChIJDTvVVIEpdTERsQYJq7CNVMs
184,https://www.google.com/maps/search/?api=1&query=G%E1%BB%8EI%20KH%C3%94%20B%C3%92%20-%20%C4%90inh%20Ti%C3%AAn%20Ho%C3%A0ng%20since%201982&query_place_id=ChIJse_7TDUvdTER2Bt_VvUj2hc
185,https://www.google.com/maps/search/?api=1&query=Dz%C3%A2n%20Dz%C3%A2n%20Qu%C3%A1n&query_place_id=ChIJv8_lX5gvdTERbmg4OoeedqY
186,https://www.google.com/maps/search/?api=1&query=B%C3%BAn%20m%C3%AC%20chay&query_place_id=ChIJ41uhHTUvdTER5Yv9tN_W8iM
187,https://www.google.com/maps/search/?api=1&query=C%C6%A1m%20D%C3%AC%20%C4%90%E1%BA%B9p&query_place_id=ChIJN6hackwvdTER6S-iXP47lu4
188,https://www.google.com/maps/search/?api=1&query=C%C6%A1m%20Lan%20-%20H%E1%BB%A7%20t%C3%ADu%2C%20c%C6%A1m%20tr%C6%B0a%20v%C4%83n%20ph%C3%B2ng&query_place_id=ChIJF3txegAvdTERZIu2BSOhTDc
189,https://www.google.com/maps/search/?api=1&query=C%C6%A1m%20G%C3%A0%20%C4%82n%20L%C3%A0%20Ghi%E1%BB%81n&query_place_id=ChIJ0WrjV0kvdTER8chcanCQIq8
190,https://www.google.com/maps/search/?api=1&query=C%C6%A1m%20T%E1%BA%A5m&query_place_id=ChIJY5wYwTUvdTERCPDcyP_NmQ4
191,https://www.google.com/maps/search/?api=1&query=Ph%C3%A1%20L%E1%BA%A5u%20B%E1%BB%91%20Gi%C3%A0&query_place_id=ChIJXzDNKTUvdTERfgw04hSXlOk
192,https://www.google.com/maps/search/?api=1&query=O%20H%C3%B2a%20-%20B%C3%A1nh%20canh%20c%C3%A1%20l%C3%B3c&query_place_id=ChIJBWpzJFcpdTER5SQsCUbm44s
193,https://www.google.com/maps/search/?api=1&query=C%C6%A1m%20chay%20Tr%C3%BAc%20S%C6%A1n&query_place_id=ChIJb_hFc9QvdTERq2BfyKW_DyY
194,https://www.google.com/maps/search/?api=1&query=M%C3%AC%20Qu%E1%BA%A3ng%203%20Anh%20Em&query_place_id=ChIJ87BTGAAvdTERxqKOS-nY-uI
195,https://www.google.com/maps/search/?api=1&query=B%C3%BAn%20Ri%C3%AAu%2C%20B%C3%BAn%20Ch%E1%BA%A3%2C%20B%C3%BAn%20%C4%90%E1%BA%ADu%20M%E1%BB%99c%20Gia%20-%20%E1%BA%A8m%20th%E1%BB%B1c%20H%C3%A0%20N%E1%BB%99i%20c%E1%BB%95&query_place_id=ChIJ5zERd-EvdTER2iK3dwvIZto
196,https://www.google.com/maps/search/?api=1&query=Qu%C3%A1n%20C%C3%B4%20%C3%9At%20Hu%E1%BB%B3nh&query_place_id=ChIJTVB2POgvdTERziFBz58VetE
197,https://www.google.com/maps/search/?api=1&query=%E1%BA%A8m%20Th%E1%BB%B1c%20C%C6%A1m%20Chay%2C%20M%C3%AC%20Chay%20Healthy%20-%20Chay%20Express%20-%2018%20%C4%90inh%20Ti%C3%AAn%20Ho%C3%A0ng%20Qu%E1%BA%ADn%201&query_place_id=ChIJ55vgklAvdTERgf0kBTuZiN0
198,https://www.google.com/maps/search/?api=1&query=BREEZY%20GARDEN%20Food%20%26%20Beer&query_place_id=ChIJiUefWFQvdTER9pjh0k8EZt4
199,https://www.google.com/maps/search/?api=1&query=C%C6%A1m%20T%E1%BA%A5m%20Th%E1%BB%8Bt%20n%C6%B0%E1%BB%9Bng&query_place_id=ChIJf0jb_4svdTERp2TuNoxxBBU
200,https://www.google.com/maps/search/?api=1&query=C%C6%A1m%20Ni%C3%AAu%20%C4%90%E1%BB%87%20Nh%E1%BA%A5t&query_place_id=ChIJT7oywp0vdTERFF7MGGu_3T4
201,https://www.google.com/maps/search/?api=1&query=Ch%C3%A8%20Th%C3%A1i%20Kim%E2%80%99s%20%E2%80%A2%20%C4%82n%20l%C3%A0%20th%C3%ADch%20ngay&query_place_id=ChIJN5vJmTspdTER-PPr8E6_NV8
202,https://www.google.com/maps/search/?api=1&query=%E1%BA%A8m%20Th%E1%BB%B1c%20Qu%C3%AA%20H%C6%B0%C6%A1ng%2079&query_place_id=ChIJ6y3r91ovdTEREgMPg88gWPI
203,https://www.google.com/maps/search/?api=1&query=99999&query_place_id=ChIJrbHmjXkvdTER4V1OSWOKbjI
204,https://www.google.com/maps/search/?api=1&query=B%C3%BAn%20c%C6%A1m%20t%E1%BA%A5m%20th%E1%BB%8Bt%20n%C6%B0%E1%BB%9Bng%20Ho%C3%A0ng%20%C3%81nh&query_place_id=ChIJkSIBTDopdTERE0nUw_00w4Y
205,https://www.google.com/maps/search/?api=1&query=COTA&query_place_id=ChIJdwAsuBcvdTERCM6FHbCpo9s
206,https://www.google.com/maps/search/?api=1&query=B%C3%A1nh%20m%C3%AC%20ch%E1%BA%A3%20c%C3%A1%20n%C3%B3ng&query_place_id=ChIJARwLa7UodTERjFNoyvBU93c
207,https://www.google.com/maps/search/?api=1&query=Me%20Kim&query_place_id=ChIJ-Z1Oiy4vdTERa7JZpmIU43s
208,https://www.google.com/maps/search/?api=1&query=Co.opmart&query_place_id=ChIJ-53mhacpdTERZ5r-maXamhk
209,https://www.google.com/maps/search/?api=1&query=B%C3%BAn%20ch%E1%BA%A3%20B%C3%A0%20B%C3%ADnh&query_place_id=ChIJaX03jMMvdTER9b8qJ4j8MNE
210,https://www.google.com/maps/search/?api=1&query=ORDER%20COM%20VIET&query_place_id=ChIJL2xU1zgvdTER8ThYIwtV4tc
211,https://www.google.com/maps/search/?api=1&query=MORI%20by%20TMTM&query_place_id=ChIJPa1fDlMvdTERcpaoeE3BwhE
212,https://www.google.com/maps/search/?api=1&query=Satrafoods%20L%C3%AA%20Th%C3%A1nh%20T%C3%B4n&query_place_id=ChIJUUkP1T4vdTERILLC4F8ivuE
213,https://www.google.com/maps/search/?api=1&query=Lunar%26Ember&query_place_id=ChIJ13t7jtXZdDERkNchi3IZsWg
214,https://www.google.com/maps/search/?api=1&query=Annam%20Gourmet%20Market&query_place_id=ChIJ8383b0AvdTERaCkriBprzgo
215,https://www.google.com/maps/search/?api=1&query=BALMY%20BISTRO&query_place_id=ChIJkWSshXwvdTER1uZQEox8elA
216,https://www.google.com/maps/search/?api=1&query=M%E1%BB%99t%20Ch%C3%ADn%20Ch%C3%ADn%20M%E1%BA%A5y&query_place_id=ChIJXR1_a0ovdTERI3-JleFwYs4
217,https://www.google.com/maps/search/?api=1&query=C%C6%A1m%20Nh%C3%A0%20Lunchbox%20-%20Nguy%E1%BB%85n%20Th%E1%BB%8B%20Minh%20Khai&query_place_id=ChIJO9hy4FYvdTERLaak2R1N8DE
218,https://www.google.com/maps/search/?api=1&query=C%E1%BB%99ng%20Rau%20M%C3%A1%20-%20Nguy%E1%BB%85n%20B%E1%BB%89nh%20Khi%C3%AAm&query_place_id=ChIJKe3ESZkvdTERJEhHU41sCgA
219,https://www.google.com/maps/search/?api=1&query=Tay%20Ho%20Steamed%20Rice%20Paper%20Rolls&query_place_id=ChIJkXeWfgApdTERcqEndGve-cA
220,https://www.google.com/maps/search/?api=1&query=ALEDZO&query_place_id=ChIJ15F4wH4pdTERJl3xLYi6Yig
221,https://www.google.com/maps/search/?api=1&query=%C4%82n%20v%E1%BA%B7t%20R%C3%AD%20R%C3%AD&query_place_id=ChIJg0uUPrMpdTERF3CbIGj4-MY
222,https://www.google.com/maps/search/?api=1&query=Adam%20App%20JSC&query_place_id=ChIJcyCxbMsodTERmA0W-ni6Qdw
223,https://www.google.com/maps/search/?api=1&query=Su%E1%BA%A5t%20%C4%83n%20v%C4%83n%20ph%C3%B2ng%20Huge-Fam%20Catering&query_place_id=ChIJxeqpxM4vdTERVhMVHNTmW74
224,https://www.google.com/maps/search/?api=1&query=Fashionista%20Caf%C3%A9%20-%20Wine%20%26%20Dining&query_place_id=ChIJtyJfULsvdTERhCNrCN0Khf0
225,https://www.google.com/maps/search/?api=1&query=M%E1%BB%B3%20%C3%BD%20n%C3%BAp%20h%E1%BA%BBm%20Spaghetti%20Bolognese&query_place_id=ChIJLd_4W2MvdTER40AU7o9lt3k
226,https://www.google.com/maps/search/?api=1&query=B%C3%BAn%20th%E1%BB%8Bt%20n%C6%B0%E1%BB%9Bng%20H%C3%A0&query_place_id=ChIJmc1PHg8vdTERVgxL-NFUH3c
227,https://www.google.com/maps/search/?api=1&query=Qu%C3%A1n%20Ngon%20Mai%20Th%E1%BB%8B%20-%20%C4%90inh%20Ti%C3%AAn%20Ho%C3%A0ng&query_place_id=ChIJYb4EkEEvdTERBih0iHFGlOg
228,https://www.google.com/maps/search/?api=1&query=Ch%E1%BB%A3%20C%C3%B4%20%E1%BB%9At&query_place_id=ChIJzyuBGAspdTERM7v5sOpT9nY
229,https://www.google.com/maps/search/?api=1&query=Soumaki%20-%20Your%20Healthy%20Food%20Soulmate%20-%20L%C3%BD%20T%E1%BB%B1%20Tr%E1%BB%8Dng&query_place_id=ChIJeY0bNdkvdTERGLAOf8OY6c4
230,https://www.google.com/maps/search/?api=1&query=Bach%20Hoa%20Xanh%20(Big%20Supermarket)&query_place_id=ChIJASglEAApdTERAO85B92ent8
231,https://www.google.com/maps/search/?api=1&query=Fruit%20Crush%20-%20Tr%C3%A1i%20C%C3%A2y%20T%C6%B0%C6%A1i%20%26%20%C4%82n%20V%E1%BA%B7t%20-%20Qu%E1%BA%ADn%201&query_place_id=ChIJ2dXsTCopdTER-9Vzvny1p8Y
232,https://www.google.com/maps/search/?api=1&query=Elgin%20Saigon&query_place_id=ChIJg28NMpkvdTER8bcVhQjkJ9s
233,https://www.google.com/maps/search/?api=1&query=Berlin%20Original%20Deutsch%20(Berlin%20C%C4%83n%20Tin)&query_place_id=ChIJ6xTrbA4vdTERt3RfN2A_kRM
234,https://www.google.com/maps/search/?api=1&query=Ohla%20-%20%C4%90%E1%BA%B7c%20s%E1%BA%A3n%20tr%C3%A1i%20c%C3%A2y%20s%E1%BA%A5y%20d%E1%BA%BBo%20Vi%E1%BB%87t%20Nam&query_place_id=ChIJL8AzY0svdTERvz7b3GjzGyc
235,https://www.google.com/maps/search/?api=1&query=Paul%20Bakery&query_place_id=ChIJAWYCREcvdTERT9vzpqMyDiQ
236,https://www.google.com/maps/search/?api=1&query=X%E1%BA%BF%20Y%C3%AAu%20Shop&query_place_id=ChIJ70UttlMpdTERm7_AKk3FlQo
237,https://www.google.com/maps/search/?api=1&query=Th%E1%BB%8Bt%20B%C3%B2%20N%C6%B0%E1%BB%9Bng&query_place_id=ChIJl5wMkBcvdTERIsUdBMdh3k4
238,https://www.google.com/maps/search/?api=1&query=C%C6%A1%20S%E1%BB%9F%20S%E1%BA%A3n%20Xu%E1%BA%A5t%20B%C3%A1nh%20M%C3%AC%20D%E1%BA%ADu&query_place_id=ChIJtd69JxQvdTERvg6GUZZQu0Y
239,https://www.google.com/maps/search/?api=1&query=V%E1%BB%80%20B%E1%BB%9C%20QU%C3%81N%20%7C%20QU%C3%81N%20NH%E1%BA%ACU%20B%E1%BB%9C%20K%C3%88%20QU%E1%BA%ACN%201%20%7C%20QU%C3%81N%20NH%E1%BA%ACU%20VIEW%20S%C3%94NG&query_place_id=ChIJ0QZU2nIvdTERt8NPgXfcptU
240,https://www.google.com/maps/search/?api=1&query=Qu%C3%A1n%20Chay%20Di%E1%BB%87u%20M%E1%BA%ABn&query_place_id=ChIJv_1GZVQpdTERHFVuYj1hdz8
241,https://www.google.com/maps/search/?api=1&query=C%C6%A1m%20Ch%E1%BB%8B%20Khu%C3%AA&query_place_id=ChIJixmxtIEpdTERZ2P33L0QKdo
242,https://www.google.com/maps/search/?api=1&query=C%C6%A1m%20t%E1%BA%A5m%20B%C3%A0%20C%E1%BB%A7i%20ch%E1%BB%A3%20B%E1%BA%BFn%20Th%C3%A0nh&query_place_id=ChIJhYI2XAAvdTERNOPR9KRIGjY
243,https://www.google.com/maps/search/?api=1&query=Qu%C3%A1n%20%C4%82n%20X%20-%20Clone&query_place_id=ChIJ-1x0NcwodTERLErdVjiZtVE
244,https://www.google.com/maps/search/?api=1&query=B%C3%BAn%20b%C3%B2%20O%20Vin&query_place_id=ChIJt8HTZ0IvdTEROENy7LT8hHE
245,https://www.google.com/maps/search/?api=1&query=X%C3%ADu%20m%E1%BA%A1i%20ch%C3%A9n%20Nha%20Trang&query_place_id=ChIJ908cZgApdTER_fzs8aEFuyo
246,https://www.google.com/maps/search/?api=1&query=B%C3%BAn%20ri%C3%AAu%20-%20Canh%20B%C3%BAn%20C%C3%B4%20Th%E1%BA%AFm&query_place_id=ChIJzf8oq6UpdTERG3lKNf8VKLs
247,https://www.google.com/maps/search/?api=1&query=B%C3%A1nh%20M%C3%AC%20Ch%E1%BA%A3%20C%C3%A1%20N%C3%B3ng&query_place_id=ChIJLWGKdp4pdTERWTuRv4DfMjw
248,https://www.google.com/maps/search/?api=1&query=H%26C%20Sushi%20House&query_place_id=ChIJQzJQw28ldTER-ls-Nx86Ank
249,https://www.google.com/maps/search/?api=1&query=B%C3%B2%20La%20C%C3%A0&query_place_id=ChIJx9DjFgAvdTERhyuOQ7ncyIg
250,https://www.google.com/maps/search/?api=1&query=B%C3%BAn%20C%C3%A1%20Ki%C3%AAn%20Giang&query_place_id=ChIJ4aFAABAvdTERS4pgOtFyk9s
251,https://www.google.com/maps/search/?api=1&query=B%C3%A1nh%20m%C3%AC%20C%C3%B4%20%C3%9At%20Tr%C3%A2m&query_place_id=ChIJuzU_xr4pdTERpHLONBHLCgo
252,https://www.google.com/maps/search/?api=1&query=B%C3%BAn%20B%C3%B2%20Thanh%20Xu%C3%A2n&query_place_id=ChIJ52nAixkvdTER2So1x0rQzyM
253,https://www.google.com/maps/search/?api=1&query=Ch%C3%A8%20%C4%91%E1%BA%ADu%20%C4%91en%20c%C3%B4%20Tuy%E1%BA%BFt%20C%E1%BA%A7n%20Th%C6%A1&query_place_id=ChIJ_wYZq_ovdTERGfuvBoOueHc
254,https://www.google.com/maps/search/?api=1&query=B%C3%A1nh%20Cu%E1%BB%91n%20N%C3%B3ng%20-%20B%C3%A0%20B%E1%BA%A3y%20H%E1%BA%A3i%20Ph%C3%B2ng&query_place_id=ChIJrXFAJPIpdTERVZrLScmR6so
255,https://www.google.com/maps/search/?api=1&query=C%C6%A1m%20Halal&query_place_id=ChIJLahkrHgvdTERL0KcKcvWCjI
256,https://www.google.com/maps/search/?api=1&query=Note%20Cafe%20Khai&query_place_id=ChIJ-fsIqBovdTERiG3UCQResTo
257,https://www.google.com/maps/search/?api=1&query=Ch%C3%BA%20T%C3%B2n%20-%20C%C6%A1m%20g%C3%A0%20x%E1%BB%91i%20m%E1%BB%A1&query_place_id=ChIJ8cLfzHYvdTERjkogKmdmmC4
258,https://www.google.com/maps/search/?api=1&query=B%C3%BAn%20B%C3%B2%20C%C3%B4%20Tuy%E1%BB%81n%20-%20B%E1%BA%BFn%20Th%C3%A0nh&query_place_id=ChIJb9WVDtkvdTERGDGLSYOoYiU
259,https://www.google.com/maps/search/?api=1&query=B%C3%BAn%20b%C3%B2%20-%20b%C3%A1nh%20canh%20cua%20c%C3%B4%20%C4%90i%E1%BB%87p&query_place_id=ChIJWXrPGwAvdTERQjZ9OIRaIuw
260,https://www.google.com/maps/search/?api=1&query=Qu%C3%A1n%20Ph%E1%BB%9F%20B%C3%B2%20Gia%20Truy%E1%BB%81n%20H%C3%A0%20N%E1%BB%99i&query_place_id=ChIJDYwmRBcvdTERqeVI-SKk97A
261,https://www.google.com/maps/search/?api=1&query=L%E1%BA%A9u%20B%C3%B2%20Nh%C6%B0%20%C3%9D&query_place_id=ChIJkXr3JRcvdTERu5Rs-V8YTlE
262,https://www.google.com/maps/search/?api=1&query=C%C6%A1m%20T%E1%BA%A5m%20%C4%90%E1%BB%A9c%20L%C3%B9n&query_place_id=ChIJN5kmHQApdTERjnVFZ_fNZeU
263,https://www.google.com/maps/search/?api=1&query=C%C6%A1m%20t%E1%BA%A5m%20Nghi%E1%BB%87n&query_place_id=ChIJ4Vx2APEvdTERqwraSdo0k7M
264,https://www.google.com/maps/search/?api=1&query=B%C3%A1nh%20Ti%C3%AAu%20Ch%C3%BA%20D%C5%A9ng&query_place_id=ChIJ_TUtegwvdTER_wwc7YKXwqE
265,https://www.google.com/maps/search/?api=1&query=PIZZA%20PAOLO&query_place_id=ChIJK8GShlIvdTERNZ3BbAW_zaA
266,https://www.google.com/maps/search/?api=1&query=Bot%20chien&query_place_id=ChIJkzIVHJsvdTERURh3rFaTAT0
267,https://www.google.com/maps/search/?api=1&query=Qu%C3%A1n%20B%C3%BAn%20Gi%C3%B2%20Heo%20H%C3%B3c%20M%C3%B4n&query_place_id=ChIJ9TIOIBAvdTEROYViVWqDmzs
268,https://www.google.com/maps/search/?api=1&query=X%C3%B4i%20H%C3%A0%20Dung&query_place_id=ChIJxSCpJkEvdTERKDWNvc5lWsY
269,https://www.google.com/maps/search/?api=1&query=%E8%B6%8A%E5%8D%97%E8%83%A1%E5%BF%97%E6%98%8E%E5%B8%82&query_place_id=ChIJh7gyHYIvdTERhxSGw_aIrXM
270,https://www.google.com/maps/search/?api=1&query=Ph%E1%BB%9F%20Tr%C3%A2m&query_place_id=ChIJvzOxp5svdTERqHBvJyGbR8k
271,https://www.google.com/maps/search/?api=1&query=Qu%C3%A1n%20ph%E1%BB%9F%20C%C3%B4%20T%C6%B0&query_place_id=ChIJo4G6_RAvdTERuaqbF563k8Q
272,https://www.google.com/maps/search/?api=1&query=M%C3%AC%20Ramen%20Udon%20Nh%E1%BA%ADt%20B%E1%BA%A3n&query_place_id=ChIJd-sTyj4vdTERHJJCwy1fLOg
273,https://www.google.com/maps/search/?api=1&query=Thanh%20Thuy%20Hotel&query_place_id=ChIJBVkpjT8vdTERyfwiq3Zdvyo
274,https://www.google.com/maps/search/?api=1&query=Bookworm's%20Coffee&query_place_id=ChIJtaR7ShYvdTERO7Lk_NuHdnU
275,https://www.google.com/maps/search/?api=1&query=B%C3%BAn%20%26%20H%E1%BB%A7%20t%C3%ADu%20b%C3%B2%20vi%C3%AAn%20g%C3%A2n&query_place_id=ChIJyco8lIUvdTERSuVNzxYkW-A
276,https://www.google.com/maps/search/?api=1&query=C%C6%A1m%20G%E1%BB%8Fi%20G%C3%A0%20Nikita&query_place_id=ChIJfxWL6l8vdTERsuoAM9JVR4c
277,https://www.google.com/maps/search/?api=1&query=Ph%E1%BB%9F%20b%C3%B2%20Duy%20M%E1%BA%ADp&query_place_id=ChIJL1jRx6UvdTERp0EGx4oGvig
278,https://www.google.com/maps/search/?api=1&query=B%E1%BB%99t%20chi%C3%AAn%20%C3%B4ng%20gi%C3%A0&query_place_id=ChIJE1zGo5svdTERJpzTBf3qh9M
279,https://www.google.com/maps/search/?api=1&query=%C4%90i%E1%BB%83m%20T%C3%A2m%20134&query_place_id=ChIJH0Cc2z8vdTERLtK3LczaXRw
280,https://www.google.com/maps/search/?api=1&query=C%C6%A1m%20t%E1%BA%A5m%20167%20B%C3%B9i%20Vi%E1%BB%87n&query_place_id=ChIJt5DirYIvdTERBgfjFUjRZKI
281,https://www.google.com/maps/search/?api=1&query=B%C3%A1nh%20Canh%20Cua&query_place_id=ChIJ4Q2pg7gvdTER0lrSTtuxFhI
282,https://www.google.com/maps/search/?api=1&query=B%C3%A1nh%20M%C3%AC%20B%C3%AC%20C%C3%B4%20Thi%E1%BB%87t%20-%20C%E1%BB%ADa%20B%E1%BA%AFc&query_place_id=ChIJmalROQAvdTEROpffx6KT8xk
283,https://www.google.com/maps/search/?api=1&query=Qu%C3%A1n%20C%C6%A1m%20T%C3%ADa%20Lia&query_place_id=ChIJlZnio9gudTER5Gb1bOAuPJA
284,https://www.google.com/maps/search/?api=1&query=T%E1%BB%B1%20C%C3%A1%20Vi%C3%AAn%20Chi%C3%AAn%20N%C6%B0%E1%BB%9Bc%20M%E1%BA%AFm&query_place_id=ChIJ5VE3uR4vdTERImhWtZDSY80
285,https://www.google.com/maps/search/?api=1&query=BB%20Restaurant%20%7C%20Nh%C3%A0%20H%C3%A0ng%20Qu%E1%BA%ADn%201%20%7C%20%C4%90%E1%BA%B7t%20ti%E1%BB%87c%20Qu%E1%BA%ADn%201&query_place_id=ChIJPZxk9QYvdTER572kEFw_gh4
286,https://www.google.com/maps/search/?api=1&query=C%C6%A1m%20G%C3%A0%20X%E1%BB%91i%20M%E1%BB%A1%20-%205T%20BOX&query_place_id=ChIJdU1XIqQvdTERCnonFX6WGy4
287,https://www.google.com/maps/search/?api=1&query=Chocolate%20Figo%20-%20Vietnamese%20Chocolate&query_place_id=ChIJLWzl90oodTERuHDMtJ4UGLQ
288,https://www.google.com/maps/search/?api=1&query=Deliany%20Nguy%E1%BB%85n%20Tr%C3%A3i&query_place_id=ChIJUeX1tRQvdTERv50HbTeVjFo
289,https://www.google.com/maps/search/?api=1&query=C%C6%A1m%20Tre%20Xanh&query_place_id=ChIJL-eUq2ovdTERfu1AB5pfcq0
290,https://www.google.com/maps/search/?api=1&query=T%C3%A0u%20h%C5%A9%20%C4%91%C3%A1%20-%20b%C3%B2%20b%C3%ADa%20Tr%C6%B0%C6%A1ng%20%C4%90%E1%BB%8Bnh&query_place_id=ChIJkWvzxD4vdTERGqX29gPxYEA
291,https://www.google.com/maps/search/?api=1&query=Ph%C3%A1%20L%E1%BA%A5u%20B%C3%B2&query_place_id=ChIJYQWzDAAvdTERArBaw-zHaZ0
292,https://www.google.com/maps/search/?api=1&query=%C4%90%E1%BA%B7c%20S%E1%BA%A3n%20B%C3%BAn%20Th%E1%BB%8Bt%20N%C6%B0%E1%BB%9Bng%20%26%20B%C3%BAn%20Th%E1%BB%8Bt%20X%C3%A0o&query_place_id=ChIJU9ziW3UvdTER_nZOKhpGJBY
293,https://www.google.com/maps/search/?api=1&query=V%E1%BB%8B%20Ph%E1%BB%9F&query_place_id=ChIJY3JIPAAvdTERTleWDOaVLQo
294,https://www.google.com/maps/search/?api=1&query=Nh%C3%A0%20H%C3%A0ng%20Lai%20Rai%20Ph%E1%BB%91&query_place_id=ChIJU3aISrUpdTERsXlj4v0t1v4
295,https://www.google.com/maps/search/?api=1&query=Chay%20b%C3%A1nh%20mi%2017k&query_place_id=ChIJ779hJwAvdTERdFXkt8FnDfU
296,https://www.google.com/maps/search/?api=1&query=T%C3%A0u%20h%E1%BB%A7%20Minh&query_place_id=ChIJU2_7xD4vdTER49qcE-Mb9gw
297,https://www.google.com/maps/search/?api=1&query=%C3%94ng%20Otis%20Lounge%2C%20Wine%20%26%20Travel&query_place_id=ChIJRUwLPgYpdTERMCqbca8vjsM
298,https://www.google.com/maps/search/?api=1&query=B%C3%A1nh%20m%C3%AC%20X%C3%ADu%20m%E1%BA%A1i%20Nha%20Trang&query_place_id=ChIJ90zYVwApdTER3oWD1yE0A1U
299,https://www.google.com/maps/search/?api=1&query=Akaitayo%20Shushi&query_place_id=ChIJ9YX7KEcvdTERA3I2j0VGsEA
300,https://www.google.com/maps/search/?api=1&query=Central%20Restaurant&query_place_id=ChIJ6xXIOwAvdTEReYFFG4G3wpI
301,https://www.google.com/maps/search/?api=1&query=H%E1%BB%93ng%20G%E1%BB%8Fi%20cu%E1%BB%91n%20t%C3%B4m%20th%E1%BB%8Bt&query_place_id=ChIJN1JwIMIvdTERpKdQBFUftvk
302,https://www.google.com/maps/search/?api=1&query=Haji%20Osmal%20Restaurant&query_place_id=ChIJdY8_ID8vdTERAkJULLsyGAM
303,https://www.google.com/maps/search/?api=1&query=M%C3%AC%20Qu%E1%BA%A3ng%20Trang&query_place_id=ChIJQWs_FQAvdTERRL-Mszunw-w
304,https://www.google.com/maps/search/?api=1&query=H%E1%BB%A7%20Ti%E1%BA%BFu%20-%20C%C6%A1m%20Tr%C6%B0a%20V%C4%83n%20Ph%C3%B2ng%20Q1&query_place_id=ChIJ6RlGOgAvdTERkW7ZRaWV48o
305,https://www.google.com/maps/search/?api=1&query=H%E1%BB%A7%20ti%E1%BA%BFu%20ng%C3%A3%20t%C6%B0&query_place_id=ChIJJ8O50gAvdTERGKWLPSQWuio
306,https://www.google.com/maps/search/?api=1&query=C%C6%A1m%20gia%20%C4%91%C3%ACnh&query_place_id=ChIJUT4QuMovdTERJNf8FxNa02A
307,https://www.google.com/maps/search/?api=1&query=Qu%C3%A1n%20%C4%83n%20Thanh%20Th%E1%BA%A3o&query_place_id=ChIJH0nW8SYvdTERSCBIuzuNQR8
308,https://www.google.com/maps/search/?api=1&query=Kiwami%3A%20Ramen%20%26%20Gyoza%20Bar%20(Pasteur)&query_place_id=ChIJmUGXL6UvdTEREhcYVO0wxcI
309,https://www.google.com/maps/search/?api=1&query=Ph%E1%BB%9F%20Hi%E1%BB%81n&query_place_id=ChIJ_xBREDMvdTERU-7rbyeAwyY
310,https://www.google.com/maps/search/?api=1&query=C%C6%A1m%20107&query_place_id=ChIJFSMjLUEvdTER2CaJib3BzSs
311,https://www.google.com/maps/search/?api=1&query=Good%20Morning%20Vietnam%20-%20Italian%20Restaurant%20Coffee%20Pizzeria&query_place_id=ChIJtZ5PqekvdTER2Cjhf27iEZ4
312,https://www.google.com/maps/search/?api=1&query=Blue%20Diamond%20Restaurant&query_place_id=ChIJ5WlvlHAvdTERQA6LOvmwTP0
313,https://www.google.com/maps/search/?api=1&query=5Wine%20Eatery%20%26%20Wine%20Library&query_place_id=ChIJl_ovVyIvdTERUQDuob4KGjQ
314,https://www.google.com/maps/search/?api=1&query=Namaste%20India%20Restaurant&query_place_id=ChIJNahoOBYvdTERLNWcLhC3ehA
315,https://www.google.com/maps/search/?api=1&query=Qu%C3%A1n%20c%C6%A1m%20gia%20truy%E1%BB%81n&query_place_id=ChIJ3X8iXQAvdTER4NBEkAG_0ZI
316,https://www.google.com/maps/search/?api=1&query=B%C3%A1nh%20m%C3%AC%20Ngon%20l%E1%BA%AFm&query_place_id=ChIJrd7UNgAvdTERR--Uwrqx-Q8
317,https://www.google.com/maps/search/?api=1&query=Zion%20Sky%20Lounge%20and%20Dining&query_place_id=ChIJzT5GAK8vdTERX5qsow6unI8
318,https://www.google.com/maps/search/?api=1&query=C%C6%A1m%20Bento%20G%E1%BA%A5u%20%C4%90en%20-%20K%C3%BD%20Con%20-%20Qu%E1%BA%ADn%201&query_place_id=ChIJZ6rRCOgvdTERCB8krNO5vKE
319,https://www.google.com/maps/search/?api=1&query=C%C6%A1m%20t%E1%BA%A5m%20l%E1%BB%81%20%C4%91%C6%B0%E1%BB%9Dng&query_place_id=ChIJD7B1VwAvdTER0wRcyDc0_I8
320,https://www.google.com/maps/search/?api=1&query=GoGi%20House&query_place_id=ChIJfaqPrpsvdTERLlrNfiLaXg8
321,https://www.google.com/maps/search/?api=1&query=B%C3%A1nh%20Cu%E1%BB%91n%20Nhi&query_place_id=ChIJd5zgdRcvdTERxHJdVIPQDiw
322,https://www.google.com/maps/search/?api=1&query=Ph%E1%BB%9F%20-%20B%C3%B2%20Kho%20Ch%E1%BB%8B%20T%C6%B0%C6%A1i&query_place_id=ChIJWww6qREvdTERTVf85l55WrI
323,https://www.google.com/maps/search/?api=1&query=B%C3%BAn%20B%C3%B2%20V%C3%A2n%2FBeef%20Noodle%20Soup&query_place_id=ChIJv2PxVVYvdTERvvEkU_n_PhM
324,https://www.google.com/maps/search/?api=1&query=Aburi-EN%20(Pasteur)%20Level%201&query_place_id=ChIJ0bxLjdUvdTERUkTdYrjWGTA
325,https://www.google.com/maps/search/?api=1&query=Chimico%3A%20%E1%BA%A8m%20Th%E1%BB%B1c%20H%C3%A0n%20Vi%E1%BB%87t&query_place_id=ChIJc1QXBmsvdTERI3b2yCfDR1c
326,https://www.google.com/maps/search/?api=1&query=C%C6%A1m%20B%E1%BA%AFc%20162&query_place_id=ChIJ1SnXAhEvdTERVZjsJDXzWDA
327,https://www.google.com/maps/search/?api=1&query=H%E1%BB%A7%20Ti%E1%BA%BFu%20M%C3%AC%20S%C6%B0%E1%BB%9Dn%20Kho%20Tri%E1%BB%81u%20Ch%C3%A2u&query_place_id=ChIJ_4_w-kcvdTERubimfbm65rA
328,https://www.google.com/maps/search/?api=1&query=Qu%C3%A1n%20H%E1%BA%A3i%20S%E1%BA%A3n%20Qu%E1%BA%ADn%201%20%7C%20K%20Seafoods&query_place_id=ChIJb6OA-o4vdTERVphsRnCkRYQ
329,https://www.google.com/maps/search/?api=1&query=G%C3%A0%20Ta%20Qu%E1%BA%A3ng%20Nam&query_place_id=ChIJDUudm00vdTERbmIDeDMr1EE
330,https://www.google.com/maps/search/?api=1&query=B%E1%BB%99t%20chi%C3%AAn%20137%20Tr%E1%BA%A7n%20%C4%90%C3%ACnh%20Xu&query_place_id=ChIJZfd-7K8vdTER65yB-bsTg7Q
331,https://www.google.com/maps/search/?api=1&query=B%C3%A1nh%20m%C3%AC%20g%C3%B3c%20h%E1%BA%BBm&query_place_id=ChIJYfCTCgApdTERhXJveKxRweY
332,https://www.google.com/maps/search/?api=1&query=Queen%20-%20%ED%80%B8&query_place_id=ChIJP1tE1mYvdTERvtFcx403aLw
333,https://www.google.com/maps/search/?api=1&query=C%C6%A1m%20v%C4%83n%20ph%C3%B2ng&query_place_id=ChIJNWVTMQ8vdTERtj2ejTG5QPw
334,https://www.google.com/maps/search/?api=1&query=Qu%C3%A1n%20Chi&query_place_id=ChIJm1JW1xkvdTER-CUzAsPcW1c
335,https://www.google.com/maps/search/?api=1&query=156%20Z%E1%BB%A9t&query_place_id=ChIJjZ_FLUovdTEREfrNX5uSSTk
336,https://www.google.com/maps/search/?api=1&query=Coco%20%C3%81%20Restaurant&query_place_id=ChIJU63_j5kvdTERmEQwbHYREpA
337,https://www.google.com/maps/search/?api=1&query=L%E1%BA%A9u%20G%C3%A0%20L%C3%A1%20%C3%89%20A%20H%C3%A0o&query_place_id=ChIJF0_5TGgvdTERy35VQw0iBFE
338,https://www.google.com/maps/search/?api=1&query=B%C3%A1nh%20m%C3%AC%20g%C3%A0%20D%C3%AC%20Hoa&query_place_id=ChIJl8maGq0vdTERv24fu0rYTlM
339,https://www.google.com/maps/search/?api=1&query=Bun%20Mang%20Vit%20Co%20Tam&query_place_id=ChIJN8VqGwAvdTERunFubB3bNs0
340,https://www.google.com/maps/search/?api=1&query=Musa%20Karim%20Halal%20Restaurant&query_place_id=ChIJ1ZeD4D4vdTERbng26bds1Mg
341,https://www.google.com/maps/search/?api=1&query=Qu%C3%A1n%20Quen&query_place_id=ChIJg9rfD4EvdTER5iNJotpicfI
342,https://www.google.com/maps/search/?api=1&query=B%C3%A1nh%20M%C3%AC%20Oanh&query_place_id=ChIJ39a7yDgvdTERejRAW4v7l58
343,https://www.google.com/maps/search/?api=1&query=M%E1%BB%99c%20Mi%C3%AAn%20Qu%C3%A1n&query_place_id=ChIJW-nnSv4vdTERm6grE67iWaI
344,https://www.google.com/maps/search/?api=1&query=POT%20AU%20PHO%20by%20ANAN&query_place_id=ChIJQfXuDQAvdTERRuUR8Xuwujw
345,https://www.google.com/maps/search/?api=1&query=c%C6%A1m%20T%E1%BA%A5m%20Ba%20Qu%C3%A9&query_place_id=ChIJnU2UbLUpdTERNPoopBMqj_w
346,https://www.google.com/maps/search/?api=1&query=G%E1%BB%8Fi%20B%C3%B2%20Ori%20-%20Ngon%20Nh%E1%BB%A9c%20N%C3%A1ch&query_place_id=ChIJ2yQGN9YvdTER95NAF0Nxwqk
347,https://www.google.com/maps/search/?api=1&query=B%C3%A1nh%20canh%20cua%20b%C3%A0%20gi%C3%A0-ch%E1%BB%A3%20b%E1%BA%BFn%20th%C3%A0nh&query_place_id=ChIJwSiIMAAvdTER8Fwz-Aqq8yg
348,https://www.google.com/maps/search/?api=1&query=SPICY%20BOX%20SAIGON%20CENTRE&query_place_id=ChIJU5-4wrsvdTERNksRnL7mwWY
349,https://www.google.com/maps/search/?api=1&query=Bao%20%C4%82n&query_place_id=ChIJr6RNPCcvdTER62d84vnqAv4
350,https://www.google.com/maps/search/?api=1&query=C%C6%A1m%20T%E1%BA%A5m%20%C3%94ng%20B%C3%ACnh&query_place_id=ChIJwfDDOgAvdTERRIw6jPySQWM
351,https://www.google.com/maps/search/?api=1&query=Hilton%20Saigon%20Executive%20Lounge&query_place_id=ChIJc3j7UwAvdTERUkbvb8lEmVg
352,https://www.google.com/maps/search/?api=1&query=Perfume%20Dance&query_place_id=ChIJj6EVWdgvdTERTjX7cnpkeRc
353,https://www.google.com/maps/search/?api=1&query=Qu%C3%A1n%20C%C3%B4%20Ho%C3%A0n&query_place_id=ChIJNY9IQ5ovdTERuMQDpQLLl7M
354,https://www.google.com/maps/search/?api=1&query=H%E1%BA%BBm%20G%C3%A9ms&query_place_id=ChIJo-e_mkYvdTERGnuXtsLk7qE
355,https://www.google.com/maps/search/?api=1&query=Aumy%20Wine%20Cellar&query_place_id=ChIJ21VIP0EvdTERbrDbdFtWLtg
356,https://www.google.com/maps/search/?api=1&query=Qu%C3%A1n%20c%C6%A1m%20ph%E1%BB%9F%2024&query_place_id=ChIJ-ypxQmcvdTERknSj8nQskF8
357,https://www.google.com/maps/search/?api=1&query=Anh%20Qu%C3%A1n&query_place_id=ChIJwz2tAwAvdTEROPVhbho6T-c
358,https://www.google.com/maps/search/?api=1&query=Saigon%20corner&query_place_id=ChIJAYOknEYvdTER1vZNMdAr8o0
359,https://www.google.com/maps/search/?api=1&query=L%E1%BA%A9u%20hongkong%20kowloon%20hot%20pot&query_place_id=ChIJRcYVS2cvdTERqSgfzfoC6Vg
360,https://www.google.com/maps/search/?api=1&query=Qu%C3%A1n%20X%C3%A9o&query_place_id=ChIJp110QUEvdTERFzH38rivg-0
361,https://www.google.com/maps/search/?api=1&query=S%C6%B0%E1%BB%9Dn%20X%C3%A0o%20Chua%20Ng%E1%BB%8Dt%20Ngon&query_place_id=ChIJIfte4A8vdTER23c6mm9dhl0
362,https://www.google.com/maps/search/?api=1&query=Cua%20bi%E1%BB%83n%20c%C3%A0%20mau&query_place_id=ChIJ04DQxc8vdTERi1goapRPhSI
363,https://www.google.com/maps/search/?api=1&query=Halloween%20Chicken%20B%C3%B9i%20Vi%E1%BB%87n&query_place_id=ChIJ4yIfYAAvdTERLRob8Au5lKw
364,https://www.google.com/maps/search/?api=1&query=In%20Oriental%20Heritage&query_place_id=ChIJPY9kQ0cvdTERBOIEgIkzJ8U
365,https://www.google.com/maps/search/?api=1&query=Indochina%20Heritage%20Travel%20Group&query_place_id=ChIJm1-liAAvdTEROBYZ40ktw5o
366,https://www.google.com/maps/search/?api=1&query=Saigon%20Heritage%20Spa%20%26%20Massage%20club&query_place_id=ChIJVaJNFEYvdTERt6VbcG34Yfc
367,https://www.google.com/maps/search/?api=1&query=C%C3%B4ng%20ty%20c%E1%BB%95%20ph%E1%BA%A7n%20Bao%20B%C3%AC%20D%C6%B0%E1%BB%A3c&query_place_id=ChIJaemWuK8rdTERg4ZuFvHVsPo
368,https://www.google.com/maps/search/?api=1&query=AM%20GROUP%20HCM&query_place_id=ChIJb1EU0aYvdTERoUDQUhxUoIA
369,https://www.google.com/maps/search/?api=1&query=C%C3%B4ng%20ty%20TNHH%20NKB&query_place_id=ChIJccxzT_gvdTERwl5yBdQfks0
370,https://www.google.com/maps/search/?api=1&query=LyCo%20-%20Linen%20and%20Cotton%20-%20Natural%20Fiber%20Clothing-%20%C4%90%E1%BB%93%20Linen&query_place_id=ChIJIaEU7egvdTERfAxGdDFzez0
371,https://www.google.com/maps/search/?api=1&query=Ng%E1%BB%8Dc%20Y%E1%BA%BFn&query_place_id=ChIJo64JxRcvdTERhc9LC-SIo5k
372,https://www.google.com/maps/search/?api=1&query=Tr%E1%BA%A1m%20Xanh%20-%20GreenUp%20Living&query_place_id=ChIJLykLpNUvdTERdWk9N7_NcQI
373,https://www.google.com/maps/search/?api=1&query=Natural%20Queen_D%E1%BB%8Bch%20V%E1%BB%A5%20Ch%C4%83m%20S%C3%B3c%20M%E1%BA%B9%20V%C3%A0%20B%C3%A9%20B%E1%BB%87nh%20Vi%E1%BB%87n%20T%E1%BB%AB%20D%C5%A9&query_place_id=ChIJ5dxDgD0vdTERr3c2BCwA6c0
374,https://www.google.com/maps/search/?api=1&query=KGC%20Jung%20Kwan%20Jang%20-%20Korean%20Red%20Ginseng&query_place_id=ChIJS46-vnovdTERtIqQzIB-MMk
375,https://www.google.com/maps/search/?api=1&query=NOB%20Natural%20wine%20bar&query_place_id=ChIJrcjrLBwvdTERjhvhqxFRik4
376,https://www.google.com/maps/search/?api=1&query=Natural%20Spa&query_place_id=ChIJvUn8lWQvdTER96uK39rCcDg
377,https://www.google.com/maps/search/?api=1&query=H%E1%BA%A0C%20Natural%20Beauty%20Care%20(L%C3%BD%20T%E1%BB%B1%20Tr%E1%BB%8Dng)&query_place_id=ChIJ85cLtRMvdTERYlDWJ7Eo0qg
378,https://www.google.com/maps/search/?api=1&query=Natural%20Cafe%20(Tuxo)&query_place_id=ChIJO1Woxz0vdTERb_x3hUos-_o
379,https://www.google.com/maps/search/?api=1&query=H%E1%BA%A0C%20-%20Natural%20Beauty%20Care%20(C%E1%BB%91ng%20Qu%E1%BB%B3nh)&query_place_id=ChIJaUBIT04vdTERLhkK1-ywHU8
380,https://www.google.com/maps/search/?api=1&query=Pallet%20Nh%E1%BB%B1a%20HCM%20-%20V%C4%83n%20Ph%C3%B2ng%20B%C3%ACnh%20Ch%C3%A1nh&query_place_id=ChIJh52pv58vdTERmSHSH4rBrUw
381,https://www.google.com/maps/search/?api=1&query=Garment%20Showroom%20Springtex%20Vi%E1%BB%87t%20Nam%20New%20World%20Saigon&query_place_id=ChIJr2WtDgAvdTERtUpEdWNJzXM
382,https://www.google.com/maps/search/?api=1&query=STD%26D&query_place_id=ChIJ9QK4nDwvdTERF8OLdPdXcUU
383,https://www.google.com/maps/search/?api=1&query=Daniel%20Machine%20-%20Downtown%20Office&query_place_id=ChIJyWhiHBIvdTERQDf-gxHjrhQ
384,https://www.google.com/maps/search/?api=1&query=C%C3%94NG%20TY%20TNHH%20SANKYO%20VI%E1%BB%86T%20NAM&query_place_id=ChIJWXfgGfovdTERBR3mgSjDNTg
385,https://www.google.com/maps/search/?api=1&query=Ch%C3%B9a%20An%20L%E1%BA%A1c&query_place_id=ChIJgeWudj8vdTER8olF8MvuN-s
386,https://www.google.com/maps/search/?api=1&query=Motorbike%20for%20rent%20Mrs.%20Chinh&query_place_id=ChIJvUW5Wg0vdTERlsXLDMOL47s
387,https://www.google.com/maps/search/?api=1&query=The%20Sun%20Travel%20Services%20and%20rental%20scooter&query_place_id=ChIJL9e_FZcvdTERxiRIE97zw4I
388,https://www.google.com/maps/search/?api=1&query=Let's%20B%20-%20Nguyen%20Trai&query_place_id=ChIJ21IDItwvdTERQ_rWDiQoWwc
389,https://www.google.com/maps/search/?api=1&query=H%E1%BA%A0C%20-%20Natural%20Beauty%20Care&query_place_id=ChIJYRERSIsvdTERdpAn0Nw7zw4
390,https://www.google.com/maps/search/?api=1&query=Saigon%20Minsk%20Motorbike%20Rentals-thu%C3%AA%20xe%20m%C3%A1y&query_place_id=ChIJRdclHD4vdTERsUouOF72Wv0
391,https://www.google.com/maps/search/?api=1&query=TH%C3%81NH%20%C4%90%C6%AF%E1%BB%9CNG%20GI%C3%81O%20X%E1%BB%A8%20CH%E1%BB%A2%20%C4%90%C5%A8I&query_place_id=ChIJE5Q5QAAvdTEREfV_OuZE-X4
392,https://www.google.com/maps/search/?api=1&query=Saigon%20Scooter%20for%20Rent&query_place_id=ChIJFXpQpLwvdTER_4Yf1G_O7y0
393,https://www.google.com/maps/search/?api=1&query=%C4%90%E1%BB%81n%20th%C3%A1nh%20Mattheu%20L%C3%AA%20V%C4%83n%20G%E1%BA%ABm&query_place_id=ChIJLbM1SzwvdTERyu-cwoFPSqs
394,https://www.google.com/maps/search/?api=1&query=T%C6%B0%E1%BB%A3ng%20Th%C3%A1nh%20M%C3%A1tth%C3%AAu%20L%C3%AA%20v%C4%83n%20G%E1%BA%ABm%20(1813-1847)&query_place_id=ChIJ9av_AM8vdTERwsIKwdcyB5c
395,https://www.google.com/maps/search/?api=1&query=St.%20Matthew%20Le%20Van%20Gam%20Martyrdom%20Shrine&query_place_id=ChIJQ_uqr34vdTERHiyXQR_Da_4
396,https://www.google.com/maps/search/?api=1&query=Shivaj&query_place_id=ChIJfYdbdyEvdTER1lXok2yAopA
397,https://www.google.com/maps/search/?api=1&query=H%E1%BB%99i%20Th%C3%A1nh%20Tin%20L%C3%A0nh%20Vi%E1%BB%87t%20Nam%20-%20Chi%20H%E1%BB%99i%20Nguy%E1%BB%85n%20Th%C3%A1i%20B%C3%ACnh&query_place_id=ChIJO3nb6D8vdTERB-rkAZQ0hkU
398,https://www.google.com/maps/search/?api=1&query=Speedy%20laundry%20thesun183&query_place_id=ChIJgXpACD4vdTERiGZ1mo6iqbI
399,https://www.google.com/maps/search/?api=1&query=SUNDAY%20GAME&query_place_id=ChIJD2RKQwAvdTERpA_2qUvO1rQ
400,https://www.google.com/maps/search/?api=1&query=Laundezi&query_place_id=ChIJtQzoMTovdTERc_U_C3-qJKc
401,https://www.google.com/maps/search/?api=1&query=Nh%C3%A0%20s%C3%A1ch%20V%C4%83n%20Lang%20-%20VanLangBooks&query_place_id=ChIJyx6R_DUvdTERdeb1HNL2DxM
402,https://www.google.com/maps/search/?api=1&query=Mr.Wolf's%20Gym&query_place_id=ChIJNWlgR5opdTERfv9t4dSekBA
403,https://www.google.com/maps/search/?api=1&query=Saigon%20Adventure%20-%20Food%20Tour%20In%20Ho%20Chi%20Minh%20City&query_place_id=ChIJ36erqRovdTERWtkjA4NNuJw
404,https://www.google.com/maps/search/?api=1&query=Lucia%20Private%20Gym&query_place_id=ChIJa6v07A4pdTERvUTtqXtWM0s
405,https://www.google.com/maps/search/?api=1&query=C%C3%B4ng%20Ty%20T%E1%BB%95%20Ch%E1%BB%A9c%20Team%20Building%20Vi%E1%BB%87t%20Nam&query_place_id=ChIJGVRVVUWhdTERNAKAuP9s_-4
406,https://www.google.com/maps/search/?api=1&query=Secret%20Experiences&query_place_id=ChIJI7qimGQvdTERd1pOvjqX7KU
407,https://www.google.com/maps/search/?api=1&query=Nexus%20Sport%20Events&query_place_id=ChIJIRHdQH4vdTERNafEuM66GqA
408,https://www.google.com/maps/search/?api=1&query=S%E1%BB%ADa%20qu%E1%BA%A7n%20%C3%A1o%20t%E1%BA%ADn%20n%C6%A1i&query_place_id=ChIJQTS56yEvdTERTjW1-cdtTeI
409,https://www.google.com/maps/search/?api=1&query=Laundry%20Service%20Daisy%20-%20Gi%E1%BA%B7t%20S%E1%BA%A5y%20Daisy&query_place_id=ChIJi2S7dAAvdTERK9uSbYYj3X4
410,https://www.google.com/maps/search/?api=1&query=BenThanh%20Tourist&query_place_id=ChIJWf1J-j8vdTERAu6H0rA1i6Q
411,https://www.google.com/maps/search/?api=1&query=Dan's%20Wash%20%26%20Stay%20-%20Self%20Service%20Laundry%2024H&query_place_id=ChIJW2zjMAAvdTERpKgZ7L19VuE
412,https://www.google.com/maps/search/?api=1&query=Gi%E1%BA%B7t%20%E1%BB%A7i%20Qu%E1%BA%ADn%201%20-%20laundry%20service%20in%20district%201&query_place_id=ChIJkSr_QmEvdTERGmEbGzqv6jM
413,https://www.google.com/maps/search/?api=1&query=BenThanh%20Tourist%20-%20Tr%E1%BB%A5%20s%E1%BB%9F%20ch%C3%ADnh&query_place_id=ChIJ72Nz7zgvdTERIsprkER0NHY
414,https://www.google.com/maps/search/?api=1&query=KIM%20TRAVEL&query_place_id=ChIJXR3EABYvdTERkXrhfXgZw6U
415,https://www.google.com/maps/search/?api=1&query=QUEEN%20TOURIST%20TRAVEL%20AND%20SERVICE%20TRADING%20COMPANY%20LIMITED&query_place_id=ChIJe40myCIvdTERmRBZ8E_smNA
416,https://www.google.com/maps/search/?api=1&query=T%26H%20LAUNDRY%20-%20GI%E1%BA%B6T%20S%E1%BA%A4Y%20NHANH%20QU%E1%BA%ACN%201&query_place_id=ChIJU14-HwAvdTERy7ney_7TCb8
417,https://www.google.com/maps/search/?api=1&query=C%C3%B4ng%20Ty%20C%E1%BB%95%20Ph%E1%BA%A7n%20Du%20L%E1%BB%8Bch%20%C4%90i%E1%BB%83m%20V%C3%A0ng&query_place_id=ChIJeyOLvxgvdTERWWzZI84ULMU
418,https://www.google.com/maps/search/?api=1&query=V%20-%20House%20Tourism%20%26%20Visa%20Service&query_place_id=ChIJU0YzYNovdTERz6srSkUj53w
419,https://www.google.com/maps/search/?api=1&query=The%20Sun%20Tourist&query_place_id=ChIJJU8cQz4vdTERMgz3ckEcaRY
420,https://www.google.com/maps/search/?api=1&query=FTC%20TOURIST&query_place_id=ChIJS41HSq8vdTERlJ1vmEHHvfg
421,https://www.google.com/maps/search/?api=1&query=CG%20VIET%20NAM%20TRAVEL&query_place_id=ChIJYyeI-BUvdTERAjX7YvMphXM
422,https://www.google.com/maps/search/?api=1&query=The%20Sun%20Tourist%20Agency&query_place_id=ChIJAUAxEO8vdTERn5ANnY1Yk_Q
423,https://www.google.com/maps/search/?api=1&query=LOOKOFFICE%20-%20Commercial%20Office%20Space%20For%20Rent%20District%201%20HCMC&query_place_id=ChIJ377RWsUpdTERbpFZWJDQxb4
424,https://www.google.com/maps/search/?api=1&query=Steersman%20Brewery%20%26%20Kitchen&query_place_id=ChIJJyiZ6ZIpdTERhheZuTXkFjk
425,https://www.google.com/maps/search/?api=1&query=Another%20Drink%20Saigon&query_place_id=ChIJx9sEloIvdTERJHkbmBjuUQg
426,https://www.google.com/maps/search/?api=1&query=Jackfruit%20Adventure&query_place_id=ChIJ4RE5xlAvdTERyj8AkdFI3qw
427,https://www.google.com/maps/search/?api=1&query=Power%20Club&query_place_id=ChIJ21B8TOYvdTERDCb_0CLW9pM
428,https://www.google.com/maps/search/?api=1&query=MA%201%2F2%20%2F%2FCocktails%20On%20Tap%2F%2F&query_place_id=ChIJja-XiXwvdTER1jc_vQ7GnBk
429,https://www.google.com/maps/search/?api=1&query=Du%20Bar&query_place_id=ChIJvdoeTJgpdTERqgHDs9iRefw
430,https://www.google.com/maps/search/?api=1&query=%C4%90an%20Saigon&query_place_id=ChIJo7ymfXovdTER-ZVSyZzKOto
431,https://www.google.com/maps/search/?api=1&query=Chi%20nh%C3%A1nh%20c%C3%B4ng%20ty%20TNHH%20TMV%20ZEN%20ENTERTAINMENT&query_place_id=ChIJp9-v2WAvdTERm2bxhzIaYLM
432,https://www.google.com/maps/search/?api=1&query=Sweet%20%26%20Sour%20Bar&query_place_id=ChIJnRxLPp4vdTERqMkbuuoL7qQ
433,https://www.google.com/maps/search/?api=1&query=the%20Pi&query_place_id=ChIJsRikNmIpdTER0u2MlYnMPe4
434,https://www.google.com/maps/search/?api=1&query=HITI%20CS200E&query_place_id=ChIJq4slllsndTERhsjbp8GL2rg
435,https://www.google.com/maps/search/?api=1&query=Can%20you%20keep%20a%20Secret%3F%20Homebar&query_place_id=ChIJEbHD7HQpdTERPm5ihWkYjms
436,https://www.google.com/maps/search/?api=1&query=CITYVIEW%20BUILDING&query_place_id=ChIJGfZkiTUvdTER6vYRlvwreDo
437,https://www.google.com/maps/search/?api=1&query=Colliers%20Vietnam&query_place_id=ChIJw3ta_UMvdTER7Q32war6GbA
438,https://www.google.com/maps/search/?api=1&query=Siam%20Commercial%20Bank%20HCMC%20branch&query_place_id=ChIJOXUTcksvdTERLQpx-l655ec
439,https://www.google.com/maps/search/?api=1&query=Vincom%20Center%20%C4%90%E1%BB%93ng%20Kh%E1%BB%9Fi&query_place_id=ChIJm5rCdkgvdTERQiGNZ2iXx9I
440,https://www.google.com/maps/search/?api=1&query=Huanan%20Commercial%20Bank%2C%20Ltd%20-%20Hcmc%20Branch&query_place_id=ChIJNSFnBBcvdTERWhYugKrUqd4
441,https://www.google.com/maps/search/?api=1&query=%E5%A4%A9%E5%A4%A9%E6%8D%A2%E6%B1%87%E6%8D%A2%E9%92%B1%E8%B4%A7%E5%B8%81%E5%85%91%E6%8D%A2%E5%BA%97&query_place_id=ChIJ6wa-UdsvdTERr-Q7guTLzgg
442,https://www.google.com/maps/search/?api=1&query=JOJO%20SPA-NAIL-HAIRSALON%20%7C%20%E5%B8%9D%E7%8E%8B%E6%B4%97%E5%A4%B4%20%7C%20%EC%8A%A4%ED%8C%8C%20%EB%A7%88%EC%82%AC%EC%A7%80%20%7C%20MASSAGE%20-%20SHAMPOO&query_place_id=ChIJ91MAeQAvdTER7FlOwNcoFQU
443,https://www.google.com/maps/search/?api=1&query=L%C3%A2m%20Nhung%20Spa&query_place_id=ChIJNzjSOmgvdTERHFSTdMErC4o
444,https://www.google.com/maps/search/?api=1&query=Wellness%20spa&query_place_id=ChIJmabKaVcvdTERfDZCRw5f1Fs
445,https://www.google.com/maps/search/?api=1&query=NAGOMI%20SPA&query_place_id=ChIJ6eVzhpUvdTERscrRfN2O5xM
446,https://www.google.com/maps/search/?api=1&query=Yuan%20Spa&query_place_id=ChIJ7cpY2EgvdTERrINcZOUkghU
447,https://www.google.com/maps/search/?api=1&query=G360%20Spa&query_place_id=ChIJW5zul0YvdTERM74tynW0uOI
448,https://www.google.com/maps/search/?api=1&query=Spa%20Linh%20Cherry&query_place_id=ChIJy7CvScQvdTERZcRAbYSB96I
449,https://www.google.com/maps/search/?api=1&query=Temple%20Leaf%20Spa%20and%20Sauna&query_place_id=ChIJxyCm70gvdTER-sxqGTIGGEc
450,https://www.google.com/maps/search/?api=1&query=%E4%BA%91%E6%B2%B3%20SPA%E6%8C%89%E6%91%A9%20No.2%20Ng%C3%A2n%20Ha%CC%80%20Premium%20Salon%20(Genuine%20Professional%20Massage)&query_place_id=ChIJ1_MwdZ4vdTER0uWNA4BAC8Y
451,https://www.google.com/maps/search/?api=1&query=SENSE%20SPA&query_place_id=ChIJdwGo7UYvdTERPwbUhF_7slo
452,https://www.google.com/maps/search/?api=1&query=HANA%20SPA&query_place_id=ChIJt81bfPQvdTERLDWdZu6ORi4
453,https://www.google.com/maps/search/?api=1&query=Spa%20%26%20Massage%20Lisa&query_place_id=ChIJu-DF9XEvdTERfVtta-CvLQ0
454,https://www.google.com/maps/search/?api=1&query=YURI%20therapy%20spa&query_place_id=ChIJGcnWekYvdTER1QGqfTKhIlQ
455,https://www.google.com/maps/search/?api=1&query=Kh%E1%BB%8Fe%20Spa&query_place_id=ChIJvX6MycMvdTERXxqPp_TIFpI
456,https://www.google.com/maps/search/?api=1&query=MIUMIU%20SPA%202&query_place_id=ChIJD2NyOkkvdTERnV-hGq5igVI
457,https://www.google.com/maps/search/?api=1&query=Birthree%20CHAMPACA%20-%20Luxury%20Head%20Spa%20and%20Massage%20in%20Ho%20Chi%20Minh&query_place_id=ChIJJ98yLt4vdTER9-RrtnexRmI
458,https://www.google.com/maps/search/?api=1&query=La%20Mekong%20Spa&query_place_id=ChIJSTAF8gsvdTERctkOg6FrmUI
459,https://www.google.com/maps/search/?api=1&query=KOCOCHI%20Spa%20%26%20Wellness&query_place_id=ChIJza4DCbgvdTERyABcQrNtlRs
460,https://www.google.com/maps/search/?api=1&query=Explore%20Spa%20by%20Le%20M%C3%A9ridien%20Saigon&query_place_id=ChIJSUteE3MvdTER3EyW2bCehG0
461,https://www.google.com/maps/search/?api=1&query=Flamingo%20Spa&query_place_id=ChIJc952LkkvdTERZVYxXBHE1-s
462,https://www.google.com/maps/search/?api=1&query=Golden%20Lotus%20Spa%20%26%20Massage%20Club&query_place_id=ChIJc8gPv0gvdTER6UJqUYexPt0
463,https://www.google.com/maps/search/?api=1&query=Saigon%20Heritage%20Spa%20%26%20Massage%20club&query_place_id=ChIJVaJNFEYvdTERt6VbcG34Yfc
464,https://www.google.com/maps/search/?api=1&query=NP%20SPA&query_place_id=ChIJU19hOSEvdTER3sztQDdoJt8
465,https://www.google.com/maps/search/?api=1&query=Ph%E1%BB%91%20Nh%E1%BA%ADt%20S%C3%A0i%20G%C3%B2n&query_place_id=ChIJZXI8z0gvdTERMj9clBCmu9M
466,https://www.google.com/maps/search/?api=1&query=B%E1%BA%A3o%20T%C3%A0ng%20Ho%C3%A0ng%20Gia%20%26%20B%E1%BA%A3o%20T%C3%A0ng%20Trang&query_place_id=ChIJ-TaXMwAvdTERaVhVFozsakk
467,https://www.google.com/maps/search/?api=1&query=B%E1%BA%BFn%20B%E1%BA%A1ch%20%C4%90%E1%BA%B1ng&query_place_id=ChIJCRuwB0QvdTER4f_uFnGCDnY
468,https://www.google.com/maps/search/?api=1&query=Di%20t%C3%ADch%20m%E1%BB%99%20c%E1%BB%95%20h%E1%BB%8D%20L%C3%A2m&query_place_id=ChIJIYfwxTsvdTERXKEjrZXUsMU
469,https://www.google.com/maps/search/?api=1&query=B%E1%BA%A3o%20t%C3%A0ng%20M%E1%BB%B9%20thu%E1%BA%ADt%20Th%C3%A0nh%20ph%E1%BB%91%20H%E1%BB%93%20Ch%C3%AD%20Minh&query_place_id=ChIJPccxGQAvdTERYMYelqaxe8M
470,https://www.google.com/maps/search/?api=1&query=B%E1%BA%A3o%20t%C3%A0ng%20%C4%90%E1%BB%99ng%20Th%E1%BB%B1c%20v%E1%BA%ADt&query_place_id=ChIJ7wwW8yIvdTERPgfN9oLkmJE
471,https://www.google.com/maps/search/?api=1&query=B%E1%BA%A3o%20t%C3%A0ng%20Chi%E1%BA%BFn%20d%E1%BB%8Bch%20H%E1%BB%93%20Ch%C3%AD%20Minh&query_place_id=ChIJkWxODUsvdTERpBcf9LcUxG8
472,https://www.google.com/maps/search/?api=1&query=Dinh%20%C4%90%E1%BB%99c%20L%E1%BA%ADp&query_place_id=ChIJL0dwVTgvdTERao3t8B1Jhxc
473,https://www.google.com/maps/search/?api=1&query=B%E1%BA%A3o%20t%C3%A0ng%20%C4%90%E1%BB%8Ba%20ch%E1%BA%A5t%20Vi%E1%BB%87t%20Nam&query_place_id=ChIJ1wlDRkwvdTERjqYD1wG-hJQ
474,https://www.google.com/maps/search/?api=1&query=B%E1%BA%A3o%20t%C3%A0ng%20Th%C3%A0nh%20ph%E1%BB%91%20H%E1%BB%93%20Ch%C3%AD%20Minh&query_place_id=ChIJlel-En4vdTERc64rKNBbyy0
475,https://www.google.com/maps/search/?api=1&query=Highlands%20Coffee%20Thu%20Thiem%20Park&query_place_id=ChIJsYNO4dovdTERhUfFNvLqJlc
476,https://www.google.com/maps/search/?api=1&query=Pickleball%20D-Joy&query_place_id=ChIJ4SdtYgAvdTERPjN8O02V2Ng
477,https://www.google.com/maps/search/?api=1&query=B%E1%BA%A3o%20t%C3%A0ng%20T%C3%B4n%20%C4%90%E1%BB%A9c%20Th%E1%BA%AFng&query_place_id=ChIJ9aHU7UUvdTERwvaHOXtRzVI
478,https://www.google.com/maps/search/?api=1&query=Nexus%20Square&query_place_id=ChIJxefRCwAvdTERctaTh8rSdQc
479,https://www.google.com/maps/search/?api=1&query=C%C3%B4ng%20vi%C3%AAn%20%C4%90i%C3%AAu%20kh%E1%BA%AFc%20%C4%91%C3%A1%20Th%E1%BB%A7%20Thi%C3%AAm&query_place_id=ChIJbVxXMAAvdTERSTPwBEZDBeU
480,https://www.google.com/maps/search/?api=1&query=In%20Oriental%20Heritage&query_place_id=ChIJPY9kQ0cvdTERBOIEgIkzJ8U
481,https://www.google.com/maps/search/?api=1&query=Qu%E1%BA%A3ng%20Tr%C6%B0%E1%BB%9Dng%20Th%E1%BB%A7%20Thi%C3%AAm%20-%20C%C3%B4ng%20vi%C3%AAn%20B%E1%BB%9D%20S%C3%B4ng%20S%C3%A0i%20G%C3%B2n&query_place_id=ChIJGfdW6T8vdTEREdeCW5bOIhY
482,https://www.google.com/maps/search/?api=1&query=Indochina%20Heritage%20Travel%20Group&query_place_id=ChIJm1-liAAvdTEROBYZ40ktw5o
483,https://www.google.com/maps/search/?api=1&query=C%C3%A1nh%20%C4%91%E1%BB%93ng%20Hoa%20h%C6%B0%E1%BB%9Bng%20d%C6%B0%C6%A1ng&query_place_id=ChIJE3a6ZwAvdTERZKegJIWjXsw
484,https://www.google.com/maps/search/?api=1&query=C%C3%B4ng%20vi%C3%AAn%20Chi%20L%C4%83ng&query_place_id=ChIJqU883EcvdTERTCif2vLuiAI
485,https://www.google.com/maps/search/?api=1&query=C%C3%B4ng%20vi%C3%AAn%2023%20th%C3%A1ng%209&query_place_id=ChIJu4YK_j4vdTERfSn0egKOyug
486,https://www.google.com/maps/search/?api=1&query=C%C3%B4ng%20vi%C3%AAn%20B%C3%A1ch%20T%C3%B9ng%20Di%E1%BB%87p&query_place_id=ChIJAwJpXSkvdTERELFnDrgLv0M
487,https://www.google.com/maps/search/?api=1&query=C%C3%B4ng%20vi%C3%AAn%20Tao%20%C4%90%C3%A0n&query_place_id=ChIJsXOVajkvdTERcBdP0Xow8j4
488,https://www.google.com/maps/search/?api=1&query=C%C3%B4ng%20vi%C3%AAn%20b%E1%BB%9D%20s%C3%B4ng&query_place_id=ChIJqVawLjgvdTERy0WoSbe7qgA
489,https://www.google.com/maps/search/?api=1&query=B%E1%BA%A3o%20t%C3%A0ng%20L%E1%BB%8Bch%20s%E1%BB%AD%20Th%C3%A0nh%20ph%E1%BB%91%20H%E1%BB%93%20Ch%C3%AD%20Minh&query_place_id=ChIJ5fqrRUsvdTERlfW0JX8JGyU
490,https://www.google.com/maps/search/?api=1&query=Every%20Half%20Coffee%20Roasters%20-%20Ng%C3%B4%20V%C4%83n%20N%C4%83m&query_place_id=ChIJiYCxJawvdTERPJqmvJoS250
491,https://www.google.com/maps/search/?api=1&query=Opella%20Vietnam&query_place_id=ChIJFcL4Jb8vdTERGL6WrJIR-xM
492,https://www.google.com/maps/search/?api=1&query=Saigon%20Skydeck&query_place_id=ChIJVZKCP0EvdTERfHvs6AfGjok
493,https://www.google.com/maps/search/?api=1&query=%C3%8A%20t%C3%B4&query_place_id=ChIJq_XBbkYvdTERquEbaTyCy24
494,https://www.google.com/maps/search/?api=1&query=Phu%20Thai%20Cat&query_place_id=ChIJdzLQVDkvdTERJJQWewg-gcc
495,https://www.google.com/maps/search/?api=1&query=Tran%20Duc%20Office&query_place_id=ChIJS3BTVEkvdTERwPiP3Y0rHTw
496,https://www.google.com/maps/search/?api=1&query=Pasteur%20Street%20Craft%20Beer&query_place_id=ChIJl2g59jAvdTERvtMvXjfmjRM
497,https://www.google.com/maps/search/?api=1&query=Mikrotik%20Vi%E1%BB%87t%20Nam&query_place_id=ChIJA2ND_JUvdTER0Rt03AUlvLE
498,https://www.google.com/maps/search/?api=1&query=MPA-COFFEE-%20RESTAURANT&query_place_id=ChIJDVp7biEvdTERZhq-Pk06m9g
499,https://www.google.com/maps/search/?api=1&query=419.Cocktails%20%26%20Cine%20Bar&query_place_id=ChIJtdUVUF0vdTERcKZh04bDMzA
500,https://www.google.com/maps/search/?api=1&query=Bitexco%20Financial%20Tower&query_place_id=ChIJ6-qHzzovdTERKuM7X5ehack
501,https://www.google.com/maps/search/?api=1&query=C%C3%B4ng%20Ty%20Tnhh%20Kim%20S%C6%A1n%20P.C.B&query_place_id=ChIJo8EJc0ovdTERTZydKLCbVmE
502,https://www.google.com/maps/search/?api=1&query=%C4%90%C6%B0%E1%BB%9Dng%20s%C3%A1ch%20Th%C3%A0nh%20ph%E1%BB%91%20H%E1%BB%93%20Ch%C3%AD%20Minh&query_place_id=ChIJS8Yv1zcvdTERUI2V47UxkPw
503,https://www.google.com/maps/search/?api=1&query=Book%20Street%20Lighthouse%20Monument&query_place_id=ChIJuV0_KAAvdTERCkhxamsrmXM
504,https://www.google.com/maps/search/?api=1&query=C%E1%BB%99t%20c%E1%BB%9D%20Th%E1%BB%A7%20Ng%E1%BB%AF&query_place_id=ChIJq6He0kMvdTERcW7_9GkkHjo
505,https://www.google.com/maps/search/?api=1&query=Ch%E1%BB%A3%20B%E1%BA%BFn%20Th%C3%A0nh&query_place_id=ChIJTeYpMT8vdTERMH8sUnkta40
506,https://www.google.com/maps/search/?api=1&query=T%C6%B0%E1%BB%A3ng%20Ch%E1%BB%A7%20t%E1%BB%8Bch%20H%E1%BB%93%20Ch%C3%AD%20Minh&query_place_id=ChIJlbodo0cvdTER54riaI9uWl0
507,https://www.google.com/maps/search/?api=1&query=Little%20HaNoi%20Egg%20Coffee%20(Yersin)&query_place_id=ChIJqZ7MThYvdTERh6VZ5ryLuDk
508,https://www.google.com/maps/search/?api=1&query=Vihatour%20Sai%20Gon&query_place_id=ChIJy3wvHWkvdTERuEwoz2eCTpY
509,https://www.google.com/maps/search/?api=1&query=Old%20Compass%20Travel&query_place_id=ChIJt4n2JwIvdTERUVc4iUx67fs
510,https://www.google.com/maps/search/?api=1&query=Cu%20Chi%20Tunnels%20Tours%20%E2%80%93%20Journey%20to%20explore%20Cu%20Chi%20Tunnels&query_place_id=ChIJX3uMz7O7oTERURsmUYzDEkw
511,https://www.google.com/maps/search/?api=1&query=Moveek&query_place_id=ChIJp6vj0uQvdTERJkPSebzJSRE
512,https://www.google.com/maps/search/?api=1&query=Vespa%20adventure%20tours&query_place_id=ChIJIcnyXmtxSjERw_cjh0WWj3o
513,https://www.google.com/maps/search/?api=1&query=Vietnam%20Adventure%20Tours&query_place_id=ChIJlS-q4iovdTERJVAfsfCdh40
514,https://www.google.com/maps/search/?api=1&query=Moji%20-%20Ph%E1%BB%A5%20Ki%E1%BB%87n%20%26%20Qu%C3%A0%20T%E1%BA%B7ng&query_place_id=ChIJjTkIzUYvdTERIviwNiIAfGg
515,https://www.google.com/maps/search/?api=1&query=Ben%20Nghe%20Street%20Food&query_place_id=ChIJSy3R1jgvdTERE51Ytwqzbpo
516,https://www.google.com/maps/search/?api=1&query=B%E1%BA%BFn%20Th%C3%A0nh%20Gallery&query_place_id=ChIJc_i5-EYvdTERTaOsg5fYwb0
517,https://www.google.com/maps/search/?api=1&query=Memento%20Saigon&query_place_id=ChIJuUWEsewvdTERdQ15sY3YRtM
518,https://www.google.com/maps/search/?api=1&query=Th%E1%BA%A3o%20C%E1%BA%A7m%20Vi%C3%AAn%20S%C3%A0i%20G%C3%B2n&query_place_id=ChIJx7wwM0svdTERjuH2a9dkuU0
519,https://www.google.com/maps/search/?api=1&query=Nguy%E1%BB%85n%20V%C4%83n%20H%E1%BA%A3o%20building&query_place_id=ChIJu5RzSj4vdTEReSYtogsLTlY
520,https://www.google.com/maps/search/?api=1&query=C%E1%BB%95ng%201&query_place_id=ChIJu3mNGfcvdTERVSLHnVvjxkM
521,https://www.google.com/maps/search/?api=1&query=Efora&query_place_id=ChIJv4ZgNTYvdTERYK4oNI3l9YE
522,https://www.google.com/maps/search/?api=1&query=Sony%20store%20Vincom%20%C4%90%E1%BB%93ng%20Kh%E1%BB%9Fi&query_place_id=ChIJ1wdkUDsvdTERIAOlgAwF_8Q
523,https://www.google.com/maps/search/?api=1&query=TTTM%20Union%20Square&query_place_id=ChIJb36HtEcvdTERE7N1vtALckc
524,https://www.google.com/maps/search/?api=1&query=Vincom%20Center%20%C4%90%E1%BB%93ng%20Kh%E1%BB%9Fi&query_place_id=ChIJm5rCdkgvdTERQiGNZ2iXx9I
525,https://www.google.com/maps/search/?api=1&query=Diamond%20Plaza&query_place_id=ChIJ75zeyjcvdTERzMaTAtkcoYk
